budget,runtime,vote_average,vote_count,popularity,release_month,genres,predicted_revenue,actual_revenue,residual,abs_error,percent_error
53000000,124.0,7.4,1317,28.350528999999998,4,"Crime, Drama",65580620.90971274,83282295.99999996,17701675.090287216,17701675.090287216,21.255027707554106
90000000,151.0,7.9,4339,63.429157,10,"Drama, Thriller, Crime",428234373.67899,289847354.0000001,-138387019.6789899,138387019.6789899,47.74479317102541
30000000,108.0,6.0,1344,36.432598,8,"Comedy, Romance",74441059.52003878,287553595.0000003,213112535.4799615,213112535.4799615,74.1122834788281
85000000,139.0,6.9,4663,80.316463,3,"Adventure, Action, Science Fiction",420567010.88646626,288747894.9999996,-131819115.88646668,131819115.88646668,45.651974670314694
130000000,95.0,6.7,1918,68.757242,10,"Animation, Action, Comedy, Family, Science Fiction",457957075.35844386,321887208.0000004,-136069867.35844344,136069867.35844344,42.272530245576974
200000000,127.0,6.7,4321,35.149586,6,"Action, Adventure, Fantasy",816500251.869291,783766341.0000007,-32733910.869290233,32733910.869290233,4.176488470725257
15000000,121.0,6.5,541,26.708192999999998,7,Thriller,38307752.27547645,31554854.99999997,-6752897.275476478,6752897.275476478,21.40050168342236
25000000,109.0,6.1,770,31.364901,1,"Thriller, Action, Drama, Crime",21344889.942574024,63099999.999999896,41755110.05742587,41755110.05742587,66.17291609734697
15000000,114.0,6.3,252,6.216203,5,"Action, Thriller",18492096.755206916,30050027.999999948,11557931.244793031,11557931.244793031,38.46229775490742
18000000,112.0,6.9,176,14.916264000000002,9,Drama,14530501.378879385,8038060.9999999935,-6492440.378879392,6492440.378879392,80.77122553411074
35000000,118.0,6.5,357,16.782470999999997,9,"Comedy, Drama, Romance",26897205.09552986,42064104.99999997,15166899.904470108,15166899.904470108,36.05663285708829
150000000,109.0,5.8,1470,35.580815,7,"Fantasy, Adventure, Action, Comedy, Drama",147078535.4937552,215283742.00000012,68205206.50624493,68205206.50624493,31.68154077619335
32000000,107.0,6.0,394,18.47242,8,"Action, Crime, Drama, Thriller",22428172.024335347,69055695.00000004,46627522.9756647,46627522.9756647,67.52161856551392
42000000,115.0,6.1,184,14.046705,4,"Drama, Mystery, Thriller, Crime",27734881.367989697,63781809.999999955,36046928.63201026,36046928.63201026,56.51600139916112
12500000,94.0,7.7,1451,34.821222999999996,5,"War, Drama",18047066.421252716,20416562.99999999,2369496.5787472725,2369496.5787472725,11.605756457378618
145000000,97.0,7.1,1922,61.788035,11,"Fantasy, Animation, Family",675979280.953737,306941669.99999994,-369037610.9537371,369037610.9537371,120.23053466599605
120000000,115.0,6.1,2553,99.687084,11,"Adventure, Fantasy, Drama, Romance",193651084.056493,829000000.0000004,635348915.9435073,635348915.9435073,76.64039999318541
65000000,136.0,6.6,1065,29.257137,12,"Fantasy, Drama",82858506.46088684,93525586.00000003,10667079.539113194,10667079.539113194,11.405520131264604
12000000,106.0,6.4,933,32.940597,1,"Science Fiction, Thriller",33354142.62713905,32248240.999999966,-1105901.627139084,1105901.627139084,3.4293393774224312
30000000,125.0,6.5,206,9.278361,9,"Action, Adventure, Crime, Drama",25980617.56133812,41480850.99999998,15500233.438661858,15500233.438661858,37.36720213059724
130000000,147.0,6.3,1564,38.068736,7,"Adventure, Action, Comedy, Thriller, Crime",240110426.50933003,273339556.0000002,33229129.490670145,33229129.490670145,12.15672183599732
1250000,88.0,5.3,62,4.45544,8,"Horror, Science Fiction",13515058.184316209,3412496.9999999986,-10102561.18431621,10102561.18431621,296.04600925117927
150000000,91.0,5.7,1171,29.332905,10,"Family, Animation, Adventure, Comedy",144395389.351711,287594576.9999996,143199187.64828858,143199187.64828858,49.79203333458154
14000000,93.0,5.0,354,16.618873999999998,2,Comedy,12151640.885644209,12314651.000000011,163010.11435580254,163010.11435580254,1.323708762479768
23000000,108.0,6.7,1789,18.493202,2,"Thriller, Science Fiction, Action",41214302.50851113,53187659.000000045,11973356.491488911,11973356.491488911,22.511531277375646
30000000,107.0,5.6,376,19.578249,6,"Science Fiction, Action, Adventure, Thriller",50902232.15371502,70199999.99999999,19297767.846284963,19297767.846284963,27.489697786730723
145000000,93.0,6.4,1808,44.989191999999996,6,"Animation, Family",747584861.8552656,746921273.9999993,-663587.8552663326,663587.8552663326,0.08884307869725147
75000000,88.0,5.4,666,29.412262,12,"Comedy, Family, Animation, Fantasy, Music",107351052.06956717,443140004.9999995,335788952.9304323,335788952.9304323,75.77491292631832
48000000,104.0,4.0,232,14.587367,5,"Adventure, Comedy, Family, Fantasy",36639478.14629089,20915465.000000015,-15724013.146290876,15724013.146290876,75.1788838846799
4000000,143.0,6.1,77,5.975604,12,"Action, Drama, Mystery, Thriller",10750675.4890034,6000000.0,-4750675.489003399,4750675.489003399,79.17792481672333
170000000,121.0,7.9,9742,481.09862400000003,7,"Action, Science Fiction, Adventure",31156295034.298737,773328628.999999,-30382966405.298737,30382966405.298737,3928.855762728884
350000,96.0,8.2,2078,59.259204000000004,3,Drama,19178163.02661142,999999.9999999997,-18178163.02661142,18178163.02661142,1817.8163026611428
25000000,125.0,7.0,1591,30.884534999999996,11,"Comedy, Drama, Family",39783747.163958244,441286194.9999994,401502447.83604115,401502447.83604115,90.98459285272718
1500000,111.0,7.3,160,11.145914999999999,12,"Drama, Mystery, Thriller",11955878.829750538,6999999.999999995,-4955878.8297505425,4955878.8297505425,70.79826899643638
2500000,96.0,6.6,441,12.204569000000001,9,"Comedy, Action, Drama",7573040.707757648,324138.00000000006,-7248902.707757648,7248902.707757648,2236.363125507545
100000000,102.0,6.4,1121,36.711378,5,"Animation, Adventure, Family, Fantasy",130465582.16469769,268426633.99999976,137961051.83530205,137961051.83530205,51.39618590728302
50000000,98.0,4.5,137,4.280619000000001,3,"Comedy, Family",22293129.052872755,61112916.00000003,38819786.947127275,38819786.947127275,63.5214116556429
32000000,129.0,7.0,544,24.147269,9,Drama,27282816.809126794,48814909.00000002,21532092.190873228,21532092.190873228,44.109663690806464
37000000,109.0,6.3,679,28.703007,6,Comedy,67618960.43311267,113086474.99999988,45467514.566887215,45467514.566887215,40.20597031332638
31000000,99.0,7.2,635,23.607392,12,"Drama, Adventure, Action, History",17766078.510756563,177394431.99999997,159628353.48924342,159628353.48924342,89.98498526111769
10000,89.0,7.5,485,20.399577999999998,3,"Drama, Fantasy, Horror, Science Fiction",9260514.441908583,6999999.999999995,-2260514.4419085877,2260514.4419085877,32.29306345583699
20000000,93.0,4.8,271,15.131867000000002,4,"Action, Thriller",8491735.662605314,16863582.99999999,8371847.337394675,8371847.337394675,49.644534838146086
2600000,92.0,7.0,308,19.02965,9,"Science Fiction, Thriller",12623213.838231381,553198.0,-12070015.838231381,12070015.838231381,2181.8617996144926
50000000,124.0,6.5,909,38.629763,12,"Drama, Comedy, Family",69935101.58333966,120081840.99999987,50146739.416660205,50146739.416660205,41.76046852634468
80000000,101.0,6.4,3012,109.68478799999998,5,"Fantasy, Comedy",503298321.27870864,484572835.00000066,-18725486.27870798,18725486.27870798,3.864328523225607
8000000,120.0,6.7,226,13.661289000000002,11,"Horror, Comedy, Fantasy",21691117.34953732,21028754.99999997,-662362.3495373502,662362.3495373502,3.1497934591817307
49000000,104.0,6.2,71,2.8084279999999997,7,"Action, Comedy, Thriller, Crime, Mystery",50423911.488596395,20423388.99999999,-30000522.488596406,30000522.488596406,146.89296907871864
2883848,122.0,8.0,808,39.30982,3,"Comedy, Romance",35576024.4355379,24999999.999999963,-10576024.435537934,10576024.435537934,42.304097742151804
115000000,92.0,7.5,5996,106.815545,11,"Animation, Comedy, Family",1896104194.8736,562816255.9999999,-1333287938.8736,1333287938.8736,236.89577631417959
52000000,170.0,7.2,771,40.072583,12,"Drama, History, War",61486109.23471332,98126564.99999994,36640455.76528662,36640455.76528662,37.339996325446265
80000000,104.0,5.2,1043,41.890722,12,"Drama, Science Fiction, Thriller",106762115.2620723,233093859.00000024,126331743.73792794,126331743.73792794,54.197800096452916
1300000,102.0,6.7,27,7.605291,3,"Crime, Drama, Horror, Thriller",10189118.583439823,354703.9999999999,-9834414.583439823,9834414.583439823,2772.5694053181883
27000000,82.0,5.5,247,11.678561,7,"Horror, Comedy, Action, Science Fiction, Thriller",25034029.689103648,56870414.00000005,31836384.310896404,31836384.310896404,55.980574206645265
127500000,82.0,6.2,542,26.548594,5,"Animation, Family",262626948.39731726,354248063.00000024,91621114.60268298,91621114.60268298,25.863547093744565
35000000,85.0,4.9,379,19.088655,3,"Action, Comedy, Science Fiction",14854536.114449663,25871834.00000002,11017297.885550356,11017297.885550356,42.584139514617895
1600000,103.0,7.1,61,8.535178,10,Western,15091732.613090927,5400000.000000005,-9691732.613090921,9691732.613090921,179.47652987205396
1500000,93.0,6.6,183,4.680206,3,"Horror, Mystery, Science Fiction",12185672.229416287,31999.999999999993,-12153672.229416287,12153672.229416287,37980.2257169259
380000000,136.0,6.4,4948,135.413856,5,"Adventure, Action, Fantasy",5871257613.419513,1045713801.9999996,-4825543811.419513,4825543811.419513,461.4593211058636
56000000,95.0,5.8,842,35.4763,3,"Action, Comedy, Drama, Family, Thriller",36353159.531779274,113006879.99999991,76653720.46822064,76653720.46822064,67.8310209681222
15000000,93.0,5.0,22,2.609057,6,"Drama, Action, Thriller",4834119.279098609,76382.00000000004,-4757737.279098609,4757737.279098609,6228.8723509447345
48000000,147.0,6.9,562,25.170217,12,"Thriller, Drama, Crime",47109310.10566308,207515724.99999994,160406414.89433685,160406414.89433685,77.29843841681728
22000000,108.0,6.5,235,12.549489999999999,5,"Drama, Thriller",17822926.672303934,24188922.000000004,6365995.32769607,6365995.32769607,26.317813285338097
5000000,121.0,5.7,72,6.96858,4,Drama,12967629.906277368,23507567.0,10539937.093722632,10539937.093722632,44.83635883595539
16000000,94.0,7.6,1662,41.083914,5,"Comedy, Drama, Romance",25503973.718250614,68263165.99999996,42759192.28174934,42759192.28174934,62.638747639904906
73000000,98.0,5.8,327,20.790703,8,"Crime, Mystery",80881742.0878165,103891409.00000001,23009666.91218351,23009666.91218351,22.147805226304616
150000000,93.0,6.7,2988,47.320801,5,"Adventure, Animation, Comedy, Family, Fantasy",316357998.7522719,919838758.0000011,603480759.2477292,603480759.2477292,65.60723322420911
4500000,108.0,6.9,198,15.359952,9,"Crime, Drama, Romance, Thriller",10825273.805755537,7011316.999999998,-3813956.805755539,3813956.805755539,54.39715257141476
19000000,119.0,8.1,4443,18.174804,2,"Crime, Drama, Thriller",71642519.50168012,272742922.0000005,201100402.49832034,201100402.49832034,73.73258342459204
50000000,121.0,6.4,223,13.576765,2,"Crime, Drama, Thriller",41502655.38852957,50068310.0,8565654.611470431,8565654.611470431,17.10793636028544
12000000,114.0,7.0,504,23.161754000000002,6,"Thriller, Science Fiction",29952685.243339684,79567667.00000003,49614981.75666034,49614981.75666034,62.35570757234886
200000000,108.0,6.4,4645,78.530105,3,"Family, Fantasy, Adventure",1074357768.1738694,1025491109.9999995,-48866658.17386985,48866658.17386985,4.765195689884613
27000000,109.0,6.1,563,23.917982000000002,8,"Horror, Mystery, Thriller",42951359.77472358,28999999.999999948,-13951359.774723634,13951359.774723634,48.10813715421952
18500000,118.0,7.2,1301,44.511363,5,"Adventure, Drama, Comedy",42351259.77914589,10680275.000000017,-31670984.779145874,31670984.779145874,296.53716574850205
79000000,154.0,6.7,533,24.598479,12,Drama,93477665.90499637,173013508.99999994,79535843.09500358,79535843.09500358,45.970886062430885
120000000,100.0,4.4,2278,38.126095,8,"Action, Adventure, Science Fiction",79278608.09384148,167977596.00000027,88698987.90615879,88698987.90615879,52.80405840916943
150000000,88.0,5.5,199,12.362599000000001,3,"Adventure, Animation, Family",91242497.92156473,38992757.99999999,-52249739.921564735,52249739.921564735,133.99857461112327
44000000,219.0,6.4,55,5.3801239999999995,11,"Action, Drama, History, Western",21978437.892453775,3484330.9999999967,-18494106.89245378,18494106.89245378,530.7792770679306
75000000,121.0,6.7,1173,38.832842,12,"Drama, Thriller, History, War",113236880.30548623,200275999.99999988,87039119.69451365,87039119.69451365,43.459585619102484
90000000,95.0,6.3,572,21.436682,2,"Adventure, Family, Fantasy",73149483.49888653,162839667.0000001,89690183.50111356,89690183.50111356,55.07883008696739
439000,89.0,6.1,37,1.933366,2,"Music, Comedy, Romance",14104736.07352505,2281000.0000000014,-11823736.073525049,11823736.073525049,518.3575656959686
13000000,102.0,7.7,2968,43.444134999999996,9,"Drama, Romance",37878341.75486922,33400000.000000004,-4478341.754869219,4478341.754869219,13.408208846913828
60000000,133.0,5.8,636,28.800112,8,Drama,70015813.66558187,204594016.0,134578202.33441812,134578202.33441812,65.77817130996546
175000000,118.0,5.6,1962,32.852443,8,"Adventure, Action, Thriller, Science Fiction",272460500.0609026,302469017.00000024,30008516.939097643,30008516.939097643,9.921187048092802
80000000,118.0,6.6,2164,32.363538,1,"Action, Thriller, Science Fiction",180773882.42656633,157107755.0,-23666127.426566333,23666127.426566333,15.063627779905794
1000000,92.0,6.7,13,0.6726949999999999,1,Drama,7596928.508681584,463999.9999999998,-7132928.508681584,7132928.508681584,1537.2690751468938
18000000,126.0,6.7,1399,37.104353,11,"Science Fiction, Horror, Thriller",44051526.01142212,57096190.00000006,13044663.98857794,13044663.98857794,22.846820407067312
1800000,125.0,7.6,281,14.884756,9,Drama,12421285.010829175,8000000.000000002,-4421285.010829173,4421285.010829173,55.266062635364655
15000000,102.0,7.3,953,44.690107,5,"Fantasy, Action, Thriller",29379033.711513158,93999999.99999999,64620966.28848682,64620966.28848682,68.74570881753918
45000000,110.0,5.5,313,16.582709,10,"Action, Thriller",35184729.19561236,170362581.99999988,135177852.8043875,135177852.8043875,79.3471496014234
3000000,100.0,4.7,25,1.586598,4,"Comedy, Family, Science Fiction",7360812.576922403,15369572.99999999,8008760.423077588,8008760.423077588,52.10789150145936
100000000,104.0,4.9,967,30.863434,12,"Fantasy, Action, Adventure, Family",54201568.706677094,249288104.9999996,195086536.2933225,195086536.2933225,78.25745889212114
33000000,116.0,7.8,3086,50.7453,12,Drama,76485836.43972383,269958228.0000004,193472391.56027657,193472391.56027657,71.66752908167565
32000000,108.0,5.9,86,5.347936,12,"War, Crime, Drama, Mystery, Romance, Thriller",21856894.346619792,5914908.000000002,-15941986.34661979,15941986.34661979,269.52213536744415
80000000,132.0,6.8,91,8.923214999999999,8,"Action, History, War",103540022.86767983,10166501.999999998,-93373520.86767983,93373520.86767983,918.4429498728259
38000000,119.0,6.2,2035,46.630062,9,"Science Fiction, Action, Thriller",61282634.02694283,98337294.99999997,37054660.97305714,37054660.97305714,37.68118796948518
13000000,98.0,6.4,503,19.664699,1,"Comedy, Drama, Romance",15239228.934282454,10652035.000000006,-4587193.934282448,4587193.934282448,43.06401485051867
40000000,109.0,5.6,685,24.821138,11,"Drama, Science Fiction, Thriller",29594285.20960817,34227298.0,4633012.790391829,4633012.790391829,13.536016750115154
36000000,105.0,5.4,611,27.115890000000004,2,Comedy,59051077.486780606,83160734.00000007,24109656.51321947,24109656.51321947,28.99163505846334
35000000,92.0,6.2,1428,51.927471000000004,1,"Fantasy, Action, Adventure, Science Fiction, Thriller",59616292.89466389,91353501.00000006,31737208.105336167,31737208.105336167,34.74109668258488
12000000,93.0,4.7,158,6.7033190000000005,2,"Action, Adventure, Comedy, Drama, Family, Music, Romance",10361311.238794664,61141029.9999999,50779718.76120524,50779718.76120524,83.05342379937879
3500000,103.0,6.7,583,12.982319,10,"Fantasy, Horror",18532954.60732889,4159677.999999999,-14373276.607328892,14373276.607328892,345.5382028928416
25000000,145.0,8.2,3128,63.65424399999999,9,"Drama, Crime",67646664.08651163,46836393.99999995,-20810270.08651168,20810270.08651168,44.43183667494065
20000000,98.0,6.0,634,28.019226,1,"Fantasy, Horror, Action, Thriller, Science Fiction",20652571.63896983,51416464.00000002,30763892.36103019,30763892.36103019,59.832765553520325
65000000,102.0,6.3,1286,85.428395,8,"Crime, Thriller",178632294.9487514,39407615.99999997,-139224678.94875142,139224678.94875142,353.29383779204386
95000000,105.0,6.7,2374,101.18705200000001,3,"Romance, Fantasy, Family, Drama",296663583.31218517,543514353.0000007,246850769.68781555,246850769.68781555,45.41752546649219
30000000,84.0,3.7,359,10.608998,1,Comedy,16874387.853826195,84646831.00000003,67772443.14617383,67772443.14617383,80.06495027105483
85000000,120.0,6.5,1527,58.57976,7,"Adventure, Fantasy, Science Fiction",173446346.64259222,160388063.0000002,-13058283.642592013,13058283.642592013,8.141680495631396
102000000,172.0,6.6,2977,73.872343,10,"Drama, Science Fiction",375543979.2396805,130482867.99999994,-245061111.2396806,245061111.2396806,187.8109479013603
1000000,100.0,6.7,251,14.139004000000002,1,Documentary,13861767.52486421,46242999.99999994,32381232.47513573,32381232.47513573,70.02407386012104
17500000,93.0,5.8,16,7.180403,11,"Drama, Music",9595524.7913606,7018188.999999999,-2577335.791360601,2577335.791360601,36.723658929114066
40000000,113.0,6.0,433,21.362949,12,Comedy,59151704.24779209,44907259.99999999,-14244444.247792095,14244444.247792095,31.71969131002893
2159280,80.0,7.1,260,13.265432,10,Drama,7803897.193616205,10700000.000000013,2896102.806383808,2896102.806383808,27.066381368072943
30000000,124.0,7.1,334,14.179538,9,"Drama, History",23733961.202297438,82150641.99999999,58416680.79770255,58416680.79770255,71.1092200566157
75000000,134.0,5.8,476,18.659879999999998,2,Science Fiction,127488856.7137177,13100000.000000015,-114388856.71371768,114388856.71371768,873.1973794940271
125000000,129.0,7.0,3886,81.49962099999999,11,"Adventure, Action, Crime, Mystery",402226173.73909014,334614999.99999994,-67611173.7390902,67611173.7390902,20.205661353821622
42000000,124.0,5.4,173,11.470135,2,Thriller,52958447.26153814,32168969.999999985,-20789477.261538155,20789477.261538155,64.62587164443924
2000000,96.0,4.8,26,1.9568599999999998,8,"Comedy, Drama, Romance",5330803.361789046,2506446.0000000014,-2824357.3617890445,2824357.3617890445,112.68375068878576
4500000,97.0,6.3,30,3.1088810000000002,10,"Comedy, Drama",8298790.470020192,744815.9999999997,-7553974.470020192,7553974.470020192,1014.2067933583859
140000000,120.0,6.0,1000,44.19092,6,"Adventure, Family, Fantasy",205773629.51694894,183345588.99999985,-22428040.516949087,22428040.516949087,12.232658903481504
62000000,93.0,5.4,703,29.954302000000002,11,"Action, Science Fiction",46100010.240475476,52304001.000000015,6203990.759524539,6203990.759524539,11.861407618748968
12600000,84.0,6.0,635,33.555764,5,"Horror, Thriller",21186882.82044636,28650575.000000037,7463692.179553676,7463692.179553676,26.05075877029926
1530000,81.0,7.2,664,27.36562,8,"Action, Drama, Thriller",9746246.751224674,7267584.999999999,-2478661.751224675,2478661.751224675,34.105713950709564
17000000,91.0,6.4,1723,33.912116,4,Horror,33091115.216934174,97542952.00000007,64451836.7830659,64451836.7830659,66.0753395930296
75000000,114.0,6.6,692,34.973086,9,"Action, Adventure, Comedy",78669643.42387892,108000000.00000006,29330356.576121137,29330356.576121137,27.157737570482517
7000000,117.0,6.4,887,38.150787,6,"Thriller, Horror",32838109.368812714,1333123.9999999995,-31504985.368812714,31504985.368812714,2363.2449321152963
42000000,90.0,5.8,773,33.238296000000005,1,"Comedy, Romance",53979716.171617955,171963386.00000003,117983669.82838207,117983669.82838207,68.60976198060095
75000000,110.0,5.3,409,20.219385,7,"Drama, Thriller, Fantasy, Mystery",75160147.21708305,42285168.99999997,-32874978.21708308,32874978.21708308,77.7458834729574
8000000,101.0,6.9,672,13.143045,7,"Comedy, Drama",20522319.812951192,6491239.999999994,-14031079.812951198,14031079.812951198,216.1540755379744
40000000,98.0,6.0,699,26.516624,12,Comedy,48564223.000264,190212113.00000027,141647889.99973628,141647889.99973628,74.4683857224887
28000000,103.0,6.3,2224,40.28635,7,"Action, Adventure, Crime",101018514.63226126,60700000.000000075,-40318514.63226119,40318514.63226119,66.42259412234125
27000000,89.0,4.4,222,14.788073,8,"Family, Comedy, Action",13375739.582588764,85564309.99999993,72188570.41741116,72188570.41741116,84.36761824808875
40000000,123.0,6.5,642,22.364549,5,"Drama, History",37192513.1815483,60474339.999999896,23281826.8184516,23281826.8184516,38.49868691159199
2280000,124.0,7.2,808,32.875469,11,"Animation, Family, Music",25746351.592988446,83319999.99999999,57573648.40701154,57573648.40701154,69.09943399785351
250000000,147.0,7.1,7241,198.37239499999998,4,"Adventure, Action, Science Fiction",4655089508.073884,1153304495.0000002,-3501785013.073884,3501785013.073884,303.6305700927563
40000000,139.0,7.3,1221,41.570046999999995,12,"Action, Adventure, Drama, Thriller",39973108.87899415,120175290.00000006,80202181.12100591,80202181.12100591,66.73766389164184
132000000,116.0,6.2,2322,48.572726,6,"Adventure, Thriller, Science Fiction",301681842.99868083,591739379.000001,290057536.0013201,290057536.0013201,49.01778490583092
30000000,132.0,5.9,56,3.8452309999999996,12,"Drama, Romance",23779093.107942745,74787598.9999999,51008505.89205715,51008505.89205715,68.20449723497237
12000000,113.0,7.0,375,19.195399,2,"Crime, Drama, Romance, Thriller",16490873.654245993,68706993.00000012,52216119.345754124,52216119.345754124,75.99826024369024
6000000,96.0,6.3,658,28.819423999999998,8,"Drama, Music, Romance",13241593.325911717,11122089.999999987,-2119503.3259117305,2119503.3259117305,19.056700007927763
25000000,119.0,7.6,1384,38.272889,6,"Crime, Drama, History, Thriller",37752364.9588202,76270454.00000006,38518089.04117986,38518089.04117986,50.50197949677843
25530000,95.0,5.3,84,4.475007,5,"Adventure, Family",32720886.249331642,20080019.999999966,-12640866.249331675,12640866.249331675,62.952458460358585
85000000,88.0,5.9,1799,21.218000000000004,2,"Adventure, Fantasy, Science Fiction",103779894.47943398,222231185.99999988,118451291.5205659,118451291.5205659,53.30093118459349
120000000,115.0,6.7,3793,95.914473,7,"Action, Science Fiction",1151306740.327014,347234916.0000004,-804071824.3270135,804071824.3270135,231.56421986290474
4000000,91.0,7.3,267,14.961629,5,"Comedy, Horror",16998056.22542707,14236999.999999978,-2761056.225427091,2761056.225427091,19.393525499944477
7000000,94.0,4.8,48,7.034617999999999,8,Comedy,9703091.181178553,6230275.999999998,-3472815.181178555,3472815.181178555,55.74095242616147
80000000,126.0,6.3,251,16.848899,11,"Fantasy, Drama",70323131.77422225,39459427.000000045,-30863704.77422221,30863704.77422221,78.21630246739817
115000000,141.0,6.8,1116,38.729418,7,"Action, Thriller",371561381.4319024,378882410.99999946,7321029.568097055,7321029.568097055,1.9322695790428406
10000000,89.0,7.4,1050,18.366362,2,"Comedy, Crime",27149062.596769203,12827812.999999983,-14321249.59676922,14321249.59676922,111.64217623666043
36000000,106.0,7.5,1808,70.398356,9,"Thriller, Science Fiction, Mystery, Romance",80234523.35842755,12532777.00000001,-67701746.35842754,67701746.35842754,540.197486625889
60000000,108.0,5.8,225,15.352807,4,"Action, Thriller, Crime",53095445.636532225,77920346.00000006,24824900.363467835,24824900.363467835,31.859330249210927
15000000,116.0,6.6,243,11.429607,12,Drama,16206805.152043413,10903846.000000013,-5302959.1520434,5302959.1520434,48.63384123403242
40000000,97.0,5.3,1695,72.641296,7,Comedy,93400755.35048945,126069509.00000022,32668753.64951077,32668753.64951077,25.913286970532035
20000000,116.0,5.9,406,19.636044000000002,6,"Horror, Thriller",34091251.551684685,187884007.0,153792755.44831532,153792755.44831532,81.85516048117672
5000000,91.0,6.9,165,10.095184,12,Drama,9190479.451116746,5129058.000000004,-4061421.4511167426,4061421.4511167426,79.1845491144132
5000000,86.0,6.1,7,1.458884,11,"Drama, Family, Foreign",6996676.770900155,140666.00000000012,-6856010.770900155,6856010.770900155,4873.964405684494
80000000,102.0,6.0,1705,38.864027,6,Comedy,260630376.16516432,271430189.00000036,10799812.834836036,10799812.834836036,3.97885470095444
20000000,92.0,6.2,981,41.156217,6,Comedy,39884139.77770769,167722309.99999997,127838170.22229227,127838170.22229227,76.22013447244574
37000000,113.0,6.7,163,6.638389999999999,9,"Drama, Family",21196095.223307144,95404397.00000015,74208301.776693,74208301.776693,77.78289482474574
38000000,140.0,6.7,275,10.794175,3,"Drama, Music",29684695.2815989,34416892.99999994,4732197.718401041,4732197.718401041,13.749636605492103
105000000,105.0,5.5,695,32.473628000000005,7,"Fantasy, Family, Comedy, Animation",320572757.58455306,347434178.00000024,26861420.415447176,26861420.415447176,7.73136959929347
78000000,124.0,6.7,1115,10.083905,9,"Crime, Thriller, Horror",133725216.9826095,209196298.00000033,75471081.01739083,75471081.01739083,36.076680963728485
225000000,143.0,6.5,6359,99.398009,6,"Action, Adventure, Fantasy, Science Fiction",2689326519.8799872,662845517.9999995,-2026481001.8799877,2026481001.8799877,305.7244783059677
70000000,110.0,6.5,513,26.123704999999998,8,"Thriller, Action, Drama",57144809.22560418,86658557.99999997,29513748.774395794,29513748.774395794,34.05751198213546
2100000,126.0,0.0,0,0.039007,10,"Drama, Crime",5426112.938353194,3330.0000000000005,-5422782.938353194,5422782.938353194,162846.33448508088
50000000,106.0,6.2,652,33.98637,6,"Comedy, Horror, Fantasy",92495624.87912215,41482207.0,-51013417.87912215,51013417.87912215,122.97662436119214
36000000,95.0,6.6,198,9.176339,5,"Drama, Action, Thriller",13843277.045368304,50159143.999999955,36315866.95463165,36315866.95463165,72.40128929359656
190000000,137.0,7.3,4176,102.32221700000001,4,Action,6678672332.818386,1506249360.0000014,-5172422972.818384,5172422972.818384,343.39752169709664
700000,107.0,0.0,0,0.5787979999999999,10,Drama,4552029.408095891,10508.000000000005,-4541521.408095891,4541521.408095891,43219.655577615995
80000000,130.0,5.0,388,17.455023999999998,4,"Adventure, Family, Science Fiction",48967403.02297575,136159423.00000018,87192019.97702444,87192019.97702444,64.03671376972883
15000000,99.0,4.7,295,13.237835,9,Comedy,10051742.43663511,40105542.00000007,30053799.563364957,30053799.563364957,74.93677448210252
20000000,108.0,5.7,220,15.66135,3,"Action, Adventure, Drama, Thriller",24112223.8924535,17280325.99999997,-6831897.892453529,6831897.892453529,39.53570026661268
72000000,152.0,6.6,188,11.215702,12,"Drama, Romance",66463745.19508939,37317558.000000045,-29146187.195089348,29146187.195089348,78.10314703628066
7000000,121.0,7.1,281,17.681707,5,"Drama, Romance",15808849.021310557,116700000.0,100891150.97868945,100891150.97868945,86.45342843075359
8000000,80.0,6.9,358,17.537154,1,"Documentary, Family",17105733.051759467,127392238.99999985,110286505.94824038,110286505.94824038,86.57238997757194
80000000,87.0,5.2,133,10.088006,12,"Animation, Family, Adventure",55395197.19237685,126546518.00000004,71151320.8076232,71151320.8076232,56.225427559866304
50000000,86.0,6.2,106,9.894346,2,"Adventure, Animation, Comedy, Family",51547531.47535789,69834814.99999994,18287283.52464205,18287283.52464205,26.186485243273093
11000000,111.0,7.2,1213,39.337949,10,"Drama, Romance",20293191.11519143,62076140.99999999,41782949.88480856,41782949.88480856,67.30919353509518
1700000,93.0,5.5,215,13.315382999999999,6,"Action, Science Fiction",11993104.068148552,8844595.000000002,-3148509.0681485496,3148509.0681485496,35.59811464683854
3200000,136.0,7.5,863,26.180367,6,"Horror, Drama, Mystery",21230201.12400426,33395426.00000002,12165224.875995759,12165224.875995759,36.42781761788502
25000000,138.0,7.6,1422,31.242998999999998,10,"Thriller, Crime, Drama, Mystery",32912666.705216445,156822020.00000006,123909353.29478362,123909353.29478362,79.01272620693419
35000000,101.0,5.9,238,12.677505,1,Drama,25555086.309330545,32483409.999999963,6928323.690669417,6928323.690669417,21.32880658363585
19000000,93.0,5.5,209,13.664614000000002,10,"Horror, Mystery, Thriller",17175403.128007244,40846082.000000045,23670678.8719928,23670678.8719928,57.950916496697964
160000000,121.0,4.1,434,23.336875,6,"Action, Adventure, Thriller",87137919.81381635,164508065.99999976,77370146.18618341,77370146.18618341,47.031217415311126
17000000,154.0,6.3,36,3.3210949999999997,5,"Action, Drama, History",13113783.389116667,9999999.999999996,-3113783.389116671,3113783.389116671,31.13783389116672
27000,92.0,7.4,755,19.748658,9,Comedy,16714595.43379689,3151130.0000000005,-13563465.43379689,13563465.43379689,430.43179538124065
12000000,102.0,5.4,25,8.616589999999999,1,"Horror, Science Fiction",21857174.07573069,53999999.99999998,32142825.92426929,32142825.92426929,59.52375171160982
50000000,115.0,4.4,205,11.106005999999999,6,"Drama, Thriller, Crime",20201277.659579355,113309742.99999993,93108465.34042057,93108465.34042057,82.17163226680395
15000000,103.0,6.8,2468,53.698682999999996,3,"Thriller, Science Fiction, Drama",38818190.915393814,108286421.00000016,69468230.08460635,69468230.08460635,64.15230039286851
14000000,119.0,6.6,291,16.742972,9,"Drama, Romance, Thriller",13912875.447068619,320145692.99999946,306232817.55293083,306232817.55293083,95.65420502250247
14000000,98.0,6.8,491,22.409117000000002,9,Comedy,20786648.47802858,154864400.99999997,134077752.52197139,134077752.52197139,86.57751662499338
15000000,118.0,6.5,85,6.373316,12,"Action, Crime, Drama, Thriller",11942610.482176226,9237469.999999987,-2705140.4821762387,2705140.4821762387,29.28443050073497
11000000,90.0,5.0,55,4.536745,3,"Comedy, Romance",9043636.495919107,13196245.00000002,4152608.504080914,4152608.504080914,31.468107056824937
18000000,98.0,4.4,60,6.333869,11,Drama,5184641.0869390555,382174.0000000002,-4802467.0869390555,4802467.0869390555,1256.6179507080683
10000000,105.0,6.8,1196,28.570173999999998,12,Drama,21542221.458668508,28883511.000000007,7341289.5413315,7341289.5413315,25.4168876537603
135000000,112.0,5.8,963,39.873791,6,"Fantasy, Action, Adventure, Comedy",179724873.94568047,245623847.99999958,65898974.05431911,65898974.05431911,26.829224682743032
52000000,140.0,7.3,1599,68.140214,6,Drama,101441627.9310637,355237932.9999998,253796305.0689361,253796305.0689361,71.44403271509191
18000000,94.0,5.7,164,9.633711,7,"Comedy, Drama, Romance",15736145.740631826,25312387.00000002,9576241.259368192,9576241.259368192,37.83223312510268
60000000,148.0,6.2,367,21.084542000000003,10,"Adventure, Drama, Action, History, War",36659458.94237976,66976317.000000045,30316858.057620287,30316858.057620287,45.26504205601551
250000,90.0,6.4,381,21.825564,10,"Drama, Romance",7924709.702312661,3542352.999999999,-4382356.702312662,4382356.702312662,123.71315626400484
80000000,110.0,6.7,2631,75.290998,5,"Adventure, Action, Thriller",178484730.18993697,457696358.99999934,279211628.8100624,279211628.8100624,61.003681440704405
35000000,108.0,5.5,453,23.607070999999998,7,"Science Fiction, Horror, Action",39499862.35458498,113374103.00000016,73874240.64541519,73874240.64541519,65.15971345362273
30000000,108.0,6.0,394,18.256028,9,"Comedy, Romance",38501842.82039795,180622424.00000006,142120581.17960212,142120581.17960212,78.68379685769362
78000000,95.0,6.4,915,41.247402,9,"Animation, Family, Comedy",111426687.85376985,248384620.9999998,136957933.14622992,136957933.14622992,55.13945774695529
17000000,111.0,5.6,546,15.013385999999999,4,"Romance, Comedy",33016429.487707514,73244881.0,40228451.51229249,40228451.51229249,54.92322598256729
195000000,154.0,6.1,3299,28.529607000000002,6,"Action, Science Fiction, Adventure",548063266.4222424,1123746995.9999998,575683729.5777574,575683729.5777574,51.228944916152415
6000000,97.0,7.1,817,26.218912,4,"Drama, Romance",12158809.764225138,10409376.99999999,-1749432.7642251477,1749432.7642251477,16.806315730760346
30000000,123.0,7.4,1049,33.369305,8,"Drama, Romance",42833924.78227742,129266061.00000003,86432136.21772261,86432136.21772261,66.8637502752734
67000000,191.0,6.8,459,16.637642,4,"Thriller, Action, Horror",78104828.48268677,25037896.99999999,-53066931.48268679,53066931.48268679,211.9464405604305
180000000,131.0,6.7,4794,56.523205000000004,7,"Action, Science Fiction, Adventure",917393284.11804,407602905.99999994,-509790378.11804,509790378.11804,125.0703492575296
11000000,91.0,4.5,291,11.220642999999999,7,"Horror, Science Fiction",9946304.364831934,16951797.999999996,7005493.6351680625,7005493.6351680625,41.325962208658126
1500000,91.0,6.8,279,13.291991000000001,7,"Drama, Crime",9736591.098042766,7412216.000000002,-2324375.098042764,2324375.098042764,31.358707005337717
180000000,143.0,6.7,2629,67.391328,12,"Adventure, Family, Fantasy",566829064.4263732,748806957.0,181977892.57362676,181977892.57362676,24.302377384779927
19000000,101.0,5.9,583,27.494037,5,"Comedy, Romance, Drama",23845899.28870775,49830606.99999993,25984707.71129218,25984707.71129218,52.14607903791382
9000000,100.0,5.3,155,4.34503,3,"Horror, Thriller",14272073.453409653,27105095.000000034,12833021.54659038,12833021.54659038,47.34542176144509
2000000,121.0,6.7,86,3.8328580000000003,4,"Comedy, Crime, Thriller",22171297.04042819,7900000.000000005,-14271297.040428188,14271297.040428188,180.64932962567315
8500000,84.0,5.0,70,4.844451,9,"Drama, Thriller",4165474.832636536,34411240.000000015,30245765.16736348,30245765.16736348,87.89501676592727
63000000,136.0,7.9,8907,104.309993,3,"Action, Science Fiction",1736162674.5493915,463517383.00000006,-1272645291.5493915,1272645291.5493915,274.56258130224023
44000000,112.0,6.1,2304,74.16801600000001,12,"Action, Comedy",125047544.64891733,12342631.999999981,-112704912.64891735,112704912.64891735,913.1351615191761
4000000,110.0,6.7,46,4.541908,12,Drama,11441719.030973645,3468572.000000003,-7973147.030973642,7973147.030973642,229.86828674663911
28000000,136.0,7.3,718,35.580032,9,"Drama, Music, Romance",28853824.31249213,186438883.0000001,157585058.68750796,157585058.68750796,84.5237088700579
50000000,107.0,5.3,284,20.588620000000002,8,"Action, Drama, Science Fiction, Thriller",32859596.858619954,60209333.99999999,27349737.141380038,27349737.141380038,45.424413997637046
75000000,95.0,5.9,228,10.54544,8,"Adventure, Animation, Action, Comedy, Family",56265421.872527234,13596911.000000017,-42668510.87252722,42668510.87252722,313.8103270112393
135000000,156.0,7.3,6396,100.635882,12,"Western, Drama, Adventure, Thriller",738605920.6359885,532950503.0000008,-205655417.6359877,205655417.6359877,38.58808960275761
61000000,132.0,6.4,3040,113.161483,9,Action,236881960.95079452,311256926.0000004,74374965.0492059,74374965.0492059,23.895039382739967
150000000,105.0,5.9,1971,81.781591,5,"Adventure, Fantasy, Action, Comedy, Family",301386218.9037698,413106170.00000066,111719951.09623086,111719951.09623086,27.043883439511614
6000000,99.0,6.9,29,5.411243,8,Action,11921292.849153752,3283371.0000000005,-8637921.849153752,8637921.849153752,263.0808961020168
75000000,136.0,6.9,1456,51.469576,6,"Action, Adventure, Thriller",139481528.11038017,335062621.0000005,195581092.8896203,195581092.8896203,58.37150449844419
3400000,94.0,6.5,84,5.690619,12,"Comedy, Music",15624936.499139985,31063037.999999963,15438101.500859978,15438101.500859978,49.699264768822665
80000000,138.0,6.8,1583,46.075037,6,"Action, Crime, Science Fiction, Thriller",204146365.08882067,245676145.9999998,41529780.911179125,41529780.911179125,16.904278900231184
20500000,102.0,5.6,294,17.112498000000002,12,"Action, Crime",24069966.076681454,10089373.000000006,-13980593.076681448,13980593.076681448,138.56751134764707
170000000,106.0,5.1,1020,40.748915000000004,6,"Action, Adventure, Comedy, Science Fiction, Western",239886796.70971075,222104680.99999982,-17782115.709710926,17782115.709710926,8.006186825801722
35000000,109.0,6.5,2237,40.526587,7,"Romance, Comedy",113102544.50995201,150483764.99999973,37381220.49004772,37381220.49004772,24.84069991872398
80000000,88.0,5.3,331,19.500892999999998,11,"Comedy, Romance, Drama",54675110.65123104,163733696.99999997,109058586.34876892,109058586.34876892,66.60729486171007
2500000,100.0,7.1,7,0.30188400000000004,8,Drama,8737692.233290145,71904.0,-8665788.233290145,8665788.233290145,12051.886172243749
60000000,119.0,5.9,581,29.018826,12,"Action, Adventure, Mystery, Science Fiction, Thriller",66183692.6853683,96269812.00000016,30086119.314631864,30086119.314631864,31.251872928381548
70000000,116.0,6.0,352,20.089933,11,"Drama, Action, Thriller, Crime",40597255.93970726,116672912.00000006,76075656.06029281,76075656.06029281,65.20421471977383
22000000,106.0,5.7,1309,39.006187,2,"Comedy, Drama, Mystery",36569443.62566585,63647655.9999999,27078212.374334052,27078212.374334052,42.543927107597014
85000000,85.0,5.9,601,23.230851,6,"Animation, Comedy, Family",138227920.4566595,149044513.00000027,10816592.543340772,10816592.543340772,7.257290003920342
70000000,115.0,7.3,2888,45.381501,8,"Action, Drama, Mystery, Thriller",138749192.39203274,442824137.9999999,304074945.60796714,304074945.60796714,68.66720205933473
20000000,105.0,7.5,3601,47.51363,12,"Fantasy, Drama, Romance",66016087.026572935,52999999.99999999,-13016087.026572943,13016087.026572943,24.558654767118764
50000000,92.0,4.4,269,12.311010000000001,6,"Adventure, Family, Science Fiction",26805448.12301226,69425966.00000007,42620517.876987815,42620517.876987815,61.389880951728884
1250000,87.0,6.0,315,16.517777,5,"Horror, Thriller",13491913.400253082,21722775.99999999,8230862.599746907,8230862.599746907,37.89047311332084
80000000,97.0,6.5,703,37.321847999999996,7,"Animation, Adventure, Family, Fantasy",83827308.61264145,140073390.00000018,56246081.387358725,56246081.387358725,40.15472274024256
120000000,127.0,7.2,5797,51.328145,11,"Adventure, Drama, Action",277459843.41273004,609016565.0000006,331556721.58727056,331556721.58727056,54.441330604409785
20000000,110.0,5.9,292,20.495749,9,"Drama, Crime, Thriller",16264002.749219803,27640027.99999997,11376025.250780167,11376025.250780167,41.15779206439364
79000000,179.0,8.0,7487,106.914973,12,"Adventure, Fantasy, Action",883768336.0042484,926287399.999999,42519063.995750666,42519063.995750666,4.590266908062304
10500000,115.0,7.3,3269,56.105798,4,"Science Fiction, Adventure, Family, Fantasy",105548110.43096337,792910553.9999993,687362443.5690359,687362443.5690359,86.6885224444921
19800000,103.0,6.5,505,20.311684,9,"Drama, Comedy",20418540.514182568,41296320.00000005,20877779.485817485,20877779.485817485,50.55602892901222
25000000,122.0,6.0,326,17.339852,9,"Drama, Crime",20944893.24774897,10589101.999999989,-10355791.247748982,10355791.247748982,97.79668991524487
40000000,106.0,6.0,457,24.012985999999998,11,"Action, Drama, Thriller, War",21837294.20972685,91753202.00000003,69915907.79027317,69915907.79027317,76.1999649780867
650000,98.0,6.2,285,12.496261,9,"Drama, Horror, Action, Thriller, Science Fiction",5868730.394550076,33244.999999999985,-5835485.394550076,5835485.394550076,17552.971558279674
41300000,98.0,6.2,531,23.441135,2,"Comedy, Crime",46611164.276854895,106371650.99999982,59760486.723144926,59760486.723144926,56.18083968927494
18000000,103.0,7.0,104,10.991280999999999,1,"Drama, Mystery, Thriller",16551062.977567928,676698.0000000003,-15874364.977567928,15874364.977567928,2345.8566417468237
5500000,123.0,6.8,207,10.439971,5,"Drama, History",13953681.52811015,58972904.00000006,45019222.47188991,45019222.47188991,76.33882583074062
110000000,121.0,5.9,1998,86.105615,3,"Adventure, Science Fiction",283150206.89215416,179246868.00000018,-103903338.89215398,103903338.89215398,57.966613336950395
17000000,104.0,5.5,299,19.045146,8,"Horror, Thriller",30702254.376176644,63102666.0000001,32400411.623823453,32400411.623823453,51.345551111617695
6000000,175.0,8.4,5893,143.659698,3,"Drama, Crime",184067813.20983014,245066411.0000004,60998597.79017025,60998597.79017025,24.890639864216297
11000000,86.0,4.1,54,3.4957580000000004,10,"Action, Comedy, Crime",6424573.362766704,23978402.00000002,17553828.637233317,17553828.637233317,73.20683270400298
90000000,132.0,6.7,526,23.9366,10,"War, Drama, History",99942627.3904013,65900248.999999985,-34042378.39040132,34042378.39040132,51.65743514929864
32000000,107.0,5.3,313,15.901137,2,"Crime, Comedy, Action",36765345.72520441,83615414.00000013,46850068.274795726,46850068.274795726,56.030420748494585
12000000,87.0,4.9,287,12.653831,11,"Drama, Horror, Comedy",5948602.191383588,24829644.000000022,18881041.808616433,18881041.808616433,76.04233797559246
7,82.0,5.2,6,0.050456,8,"Comedy, Drama, Foreign, Romance",9465863.238943962,6.999999999999998,-9465856.238943962,9465856.238943962,135226517.6991995
200000000,116.0,6.7,5560,81.834855,6,"Action, Drama, Horror, Science Fiction, Thriller",7184870713.612446,531864999.99999964,-6653005713.612446,6653005713.612446,1250.8824069289108
8000000,107.0,6.3,24,3.9424639999999997,2,"Action, Crime, Drama, Mystery, Thriller",9872733.80923557,143450.99999999994,-9729282.80923557,9729282.80923557,6782.303929031916
130000000,124.0,6.3,5080,68.889395,5,"Science Fiction, Adventure, Mystery",795866302.3509918,403170141.9999999,-392696160.35099196,392696160.35099196,97.40209391572257
25000000,112.0,7.4,1990,82.05205600000001,4,"Fantasy, Drama, Romance",50251004.75899132,65663276.00000005,15412271.241008729,15412271.241008729,23.471675767454425
1000000,97.0,5.9,48,3.990215,4,Comedy,13570253.587284677,10013423.99999999,-3556829.587284686,3556829.587284686,35.52061300195307
35000000,126.0,6.8,125,12.779200999999999,2,Drama,28580256.21329414,25224242.000000015,-3356014.213294126,3356014.213294126,13.30471779209113
25000000,113.0,6.1,82,4.002579,3,"Drama, War",17324528.575547803,11207129.99999999,-6117398.5755478125,6117398.5755478125,54.58488101367448
12500000,100.0,7.5,323,13.939054,9,"Crime, Drama, Mystery",10084825.074222654,10725227.999999993,640402.9257773384,640402.9257773384,5.970995915213541
1,87.0,8.1,856,28.27648,2,"Drama, Comedy",13714199.634758158,8499999.999999998,-5214199.6347581595,5214199.6347581595,61.34352511480189
110000000,102.0,6.1,2397,71.51059599999999,3,"Action, War",444546662.94297767,337580051.00000024,-106966611.94297743,106966611.94297743,31.686295332355808
7000000,100.0,4.5,31,2.550045,4,Comedy,8112670.444170485,1246140.999999999,-6866529.444170486,6866529.444170486,551.0234752062961
60000000,91.0,4.9,950,20.501582,6,"Thriller, Science Fiction",38869990.77324157,163403798.99999985,124533808.22675827,124533808.22675827,76.21230900926507
25100000,131.0,6.1,143,10.445391,10,"Drama, History",19066275.131256446,29506464.000000045,10440188.868743598,10440188.868743598,35.382717728371595
35000000,128.0,7.0,675,27.714043,11,"Crime, Thriller",48733653.57342639,182299999.99999988,133566346.42657349,133566346.42657349,73.26733210453844
10000000,127.0,5.8,45,4.267466000000001,12,"Drama, Romance, War",15143732.156087268,303876.99999999977,-14839855.156087268,14839855.156087268,4883.507194057885
3000000,92.0,6.0,127,11.637458,9,"Comedy, Drama",8674383.163954148,3830137.0,-4844246.163954148,4844246.163954148,126.47709896419236
28000000,90.0,7.4,3416,92.98200899999999,11,"Animation, Family, Comedy, Adventure, Fantasy, Romance",120279521.9647812,504050219.0000006,383770697.03521943,383770697.03521943,76.13739317415492
12000000,102.0,6.2,137,10.297189,4,"Comedy, Drama",16076997.17941268,75781642.00000006,59704644.82058738,59704644.82058738,78.78510315280228
30000000,113.0,7.0,628,23.982956,3,"Comedy, Drama, Romance, Music",30385227.63433078,47126294.99999997,16741067.36566919,16741067.36566919,35.52383518727539
5500000,115.0,7.5,205,9.59729,7,"Comedy, Drama",16861591.570084646,99067206.00000009,82205614.42991544,82205614.42991544,82.97964356632342
92000000,98.0,5.2,3493,65.40259499999999,2,"Action, Thriller",317856316.8653207,304654181.9999998,-13202134.865320861,13202134.865320861,4.333482238336997
12000000,90.0,3.0,23,1.623338,6,"Comedy, Romance",10454629.139166525,4922166.000000003,-5532463.139166522,5532463.139166522,112.39895483343143
237000000,162.0,7.2,11800,150.437577,12,"Action, Adventure, Fantasy, Science Fiction",14656221984.433239,2787965087.0000014,-11868256897.433237,11868256897.433237,425.69603732750153
60000000,106.0,6.0,592,27.018886,12,"Adventure, Family, Fantasy",82437764.75263931,57490374.00000005,-24947390.752639256,24947390.752639256,43.39403106446869
70000000,134.0,6.6,284,14.486310999999999,12,Drama,66700261.22801993,154937679.99999997,88237418.77198005,88237418.77198005,56.95026463025655
19000000,122.0,6.3,659,32.602868,9,"Crime, Drama, Horror, Thriller",22132137.694885276,144216467.99999982,122084330.30511454,122084330.30511454,84.6535295158627
40000000,87.0,7.5,1176,41.258956,10,"Adventure, Animation, Comedy, Family",48628081.113770045,46471022.999999955,-2157058.11377009,2157058.11377009,4.6417271979790335
7000000,125.0,6.3,524,30.214715999999996,12,"Adventure, Action, Thriller",50683581.99082285,97572000.00000012,46888418.00917727,46888418.00917727,48.055198222007554
99000000,88.0,6.5,604,34.308098,11,Animation,132079737.5444215,246233113.00000003,114153375.45557854,114153375.45557854,46.359879897866755
3300000,105.0,8.3,4254,192.528841,10,Drama,104593606.02081719,13092000.0,-91501606.02081719,91501606.02081719,698.9123588513381
20000000,107.0,6.9,1552,44.566609,12,"Action, Science Fiction, Thriller",41291782.049916334,5359645.000000004,-35932137.04991633,35932137.04991633,670.4200940531751
125000000,123.0,5.9,1928,54.931334,5,"Adventure, Action, Thriller",208036498.97386372,546388105.0000006,338351606.0261369,338351606.0261369,61.92514129240359
80000000,114.0,6.3,588,28.223664000000003,1,"Action, Drama, History, Thriller",68265876.21150774,52099090.0,-16166786.211507738,16166786.211507738,31.030841827578442
90000000,118.0,6.1,1485,52.995628,6,"Action, Crime, Thriller",222300595.6783028,237202299.00000042,14901703.321697623,14901703.321697623,6.282276092820498
6000000,82.0,5.9,15,1.433692,3,"Action, Comedy, Romance",11805433.975671407,8999999.999999996,-2805433.9756714106,2805433.9756714106,31.171488618571242
23000000,114.0,5.9,66,8.976738000000001,11,"Drama, Comedy, Romance",17929864.944197264,18653614.999999985,723750.0558027215,723750.0558027215,3.879945285687102
12000000,103.0,5.3,153,9.559737,10,"Comedy, Romance",22670015.59010245,38368909.00000001,15698893.409897558,15698893.409897558,40.91566275678455
70000000,115.0,5.5,841,35.601665000000004,11,"Adventure, Action, Animation",67525776.33315931,195735875.9999997,128210099.66684039,128210099.66684039,65.50158421997232
25000000,142.0,8.5,8205,136.747729,9,"Drama, Crime",507156852.6691931,28341469.000000022,-478815383.6691931,478815383.6691931,1689.4515371422447
75000000,104.0,5.8,932,36.743324,11,"Action, Comedy",110960777.21438697,152930622.99999976,41969845.78561279,41969845.78561279,27.443715955837607
13500000,129.0,5.2,32,5.16023,9,Drama,13768700.121020956,187673.9999999999,-13581026.121020956,13581026.121020956,7236.4984606397065
17000000,86.0,6.0,849,24.054062,1,"Drama, Fantasy, Romance",16157867.723119495,43165571.00000006,27007703.276880562,27007703.276880562,62.56769608556903
210000000,104.0,6.3,3525,3.857526,5,"Adventure, Action, Science Fiction, Thriller",428074159.74602085,459359555.0000008,31285395.25397992,31285395.25397992,6.810655164009785
9400000,163.0,7.0,140,14.562991,11,"Action, Adventure, Comedy, Crime",41515276.92103274,60000000.0000001,18484723.078967355,18484723.078967355,30.807871798278875
13000000,99.0,6.6,96,6.130096,6,"Drama, Romance",11438408.04163236,16929122.99999997,5490714.95836761,5490714.95836761,32.433546370757774
17000000,95.0,5.5,160,7.701041,1,"Comedy, Romance",21980438.14776299,16980098.00000002,-5000340.147762973,5000340.147762973,29.448240803810243
60000000,99.0,5.8,1621,61.849520999999996,3,"Action, Crime, Thriller",78431849.67967905,205754446.99999994,127322597.32032089,127322597.32032089,61.88084834945071
36000000,109.0,5.8,258,19.854932,4,"Action, Drama",20411779.084872484,44350926.00000007,23939146.915127583,23939146.915127583,53.97665635014599
2800000,102.0,5.1,366,15.754614000000002,9,"Comedy, Horror",20406751.95900433,1826704.9999999995,-18580046.95900433,18580046.95900433,1017.134510443905
75000000,87.0,5.9,3462,31.482871999999997,6,"Animation, Family",242509357.76676714,875958307.9999994,633448950.2332323,633448950.2332323,72.31496572930874
1500000,100.0,6.2,251,11.064228,8,"Horror, Mystery",14968876.23901323,373967.0,-14594909.23901323,14594909.23901323,3902.726507690045
80000000,99.0,5.9,901,23.531720999999997,12,"Fantasy, Comedy, Family, Romance",125276407.74824712,212874442.0000004,87598034.25175327,87598034.25175327,41.15009459508207
50000000,121.0,5.7,287,15.213484,9,Drama,35885665.99363513,49111201.99999997,13225536.006364837,13225536.006364837,26.929774608988076
5000000,94.0,6.0,1360,38.94708,9,"Horror, Thriller",20768182.26209081,98450061.99999987,77681879.73790905,77681879.73790905,78.90485608623503
18000000,103.0,7.1,2414,2.186927,11,"Comedy, Family",52425941.43582603,476684675.00000054,424258733.56417453,424258733.56417453,89.0019662503675
2000000,101.0,6.3,140,14.846001000000001,5,"Romance, Drama, Comedy",13177574.719492981,5179037.000000005,-7998537.719492977,7998537.719492977,154.44063673406794
45000000,111.0,6.1,961,32.624355,12,"Comedy, Crime, Action",66367561.38041125,212000000.00000033,145632438.6195891,145632438.6195891,68.69454651867399
32000000,139.0,6.5,987,43.862456,5,"Drama, Fantasy",39040443.57915642,54674225.999999955,15633782.420843534,15633782.420843534,28.59442842564163
600000,225.0,7.1,66,3.409764,3,"History, Documentary, Music",18552284.173979267,34505109.99999999,15952825.826020725,15952825.826020725,46.233226980063904
2500000,98.0,6.3,264,18.30961,5,"Action, Science Fiction",10987708.361136526,12348904.999999981,1361196.6388634555,1361196.6388634555,11.022812458784465
130000000,107.0,6.7,2061,89.938296,10,"Adventure, Animation, Mystery",265952042.96586728,371940070.9999999,105988028.0341326,105988028.0341326,28.495996075166804
55000000,119.0,6.9,573,22.863516,11,"Drama, Romance",39598145.515788816,89519772.99999999,49921627.48421117,49921627.48421117,55.76603448738769
35000000,123.0,6.9,1121,37.335721,9,"Adventure, Drama, Thriller",52883820.09705758,61181941.99999994,8298121.902942359,8298121.902942359,13.563024695983609
1000000,103.0,6.9,144,9.773398,12,Drama,11356808.09306925,13350369.000000011,1993560.9069307614,1993560.9069307614,14.932627756811513
72000000,131.0,7.0,285,15.433244,10,"Action, Drama, Thriller",46936473.97473752,27642707.00000005,-19293766.97473747,19293766.97473747,69.79695213908478
4200000,114.0,6.4,215,11.743085,8,"Action, Thriller",17149699.599304114,38376496.99999993,21226797.40069582,21226797.40069582,55.31197232695797
45000000,95.0,5.6,176,8.99269,5,"Romance, Comedy, Family",39108674.663109206,56070432.999999985,16961758.33689078,16961758.33689078,30.250806761008576
20000000,108.0,6.3,444,25.041992,3,"Crime, Drama, Mystery",19510886.984680742,67200000.00000009,47689113.01531935,47689113.01531935,70.96594198708227
94000000,201.0,8.1,8064,123.63033200000001,12,"Adventure, Fantasy, Action",1304627487.5792627,1118888979.0,-185738508.57926273,185738508.57926273,16.600262587738182
25000000,89.0,5.5,350,14.340095000000002,10,"Horror, Comedy",24347536.469770987,50671849.99999992,26324313.53022893,26324313.53022893,51.95056728781162
5000000,107.0,5.5,67,8.452666,4,"Action, Crime, Drama, Romance, Thriller, Western",8977781.644248486,12232628.000000019,3254846.355751533,3254846.355751533,26.6079076037588
110000000,120.0,6.5,2965,44.635452,6,"Action, Comedy, Drama, Thriller",399855682.0839058,478207519.9999996,78351837.91609377,78351837.91609377,16.38448469319216
20000000,120.0,7.0,167,10.50098,9,Documentary,23225191.086253487,17436508.999999974,-5788682.086253513,5788682.086253513,33.19862987627582
44000000,147.0,7.3,715,16.245068,10,"Crime, Drama, Thriller",37120980.33073826,165615285.00000018,128494304.66926192,128494304.66926192,77.5860179024308
900000,96.0,6.1,73,4.0971,9,"Drama, Thriller",6610866.912669306,381419.9999999998,-6229446.912669306,6229446.912669306,1633.2250308503249
31115000,248.0,6.7,146,13.244365,6,"Drama, History, Romance",28707370.496863298,71000000.00000009,42292629.50313679,42292629.50313679,59.567083807234845
28000000,117.0,7.1,4645,45.054936,3,"Action, Crime",127128583.37183571,96188903.0,-30939680.37183571,30939680.37183571,32.165540313767494
5000000,103.0,6.7,777,38.006982,8,"Action, Thriller",24136087.20510383,54418871.99999996,30282784.794896133,30282784.794896133,55.64757901430988
30000000,136.0,7.3,496,23.234651,1,Drama,31287827.229579918,76669805.99999996,45381978.77042004,45381978.77042004,59.19146159104676
15000000,100.0,7.4,3725,49.294864000000004,8,"Drama, Action, Thriller, Crime",39325677.49431984,78054825.00000003,38729147.50568019,38729147.50568019,49.617877569618756
9000000,113.0,8.1,4028,60.715151,10,"Mystery, Thriller",83714653.64817561,39723096.00000001,-43991557.648175605,43991557.648175605,110.74554120397764
50000000,127.0,6.3,513,30.397496000000004,3,"Action, Drama, Science Fiction, Thriller",37246884.48721543,189859559.9999998,152612675.51278436,152612675.51278436,80.38187569421552
10000000,101.0,5.4,24,3.988432,2,"Action, Comedy, Romance, Thriller",19141038.814296033,1631838.9999999995,-17509199.814296033,17509199.814296033,1072.973486618229
20000000,82.0,4.2,315,17.165039,8,"Horror, Comedy",14965985.358507067,80547865.99999991,65581880.64149284,65581880.64149284,81.419761811558
20000000,127.0,6.5,110,11.263361,3,"Drama, Family",18837730.96571396,75597042.0,56759311.03428604,56759311.03428604,75.0813914574674
60000000,101.0,4.7,549,36.689223,4,"Action, Adventure, Crime, Drama, Mystery, Thriller",21568912.655992027,71073931.9999999,49505019.344007865,49505019.344007865,69.65285013921552
70000000,124.0,5.8,1424,46.217769,8,"Action, Adventure, Thriller",129115162.69388233,277448381.9999999,148333219.30611753,148333219.30611753,53.46335712497238
40000000,124.0,7.2,2691,66.003433,4,"Action, Thriller, Crime",116638739.52739985,158733819.99999973,42095080.47259988,42095080.47259988,26.519289003817807
19000000,95.0,6.1,713,25.28132,7,Comedy,32803342.498953294,70067909.00000009,37264566.50104679,37264566.50104679,53.18350016845336
5000000,89.0,7.3,847,19.940245,1,"Comedy, Horror",22947238.867353532,5476793.000000002,-17470445.86735353,17470445.86735353,318.99043596048864
15000000,216.0,7.8,851,41.286336,12,"Adventure, Drama, History, War",36843596.12860004,69995385.00000003,33151788.87139999,33151788.87139999,47.36282095083837
3500000,96.0,5.7,70,8.406025,8,"Comedy, Romance",17190563.4169043,9482579.000000006,-7707984.416904295,7707984.416904295,81.28573900522515
11000000,184.0,7.7,505,29.543331,12,"Drama, Romance, War",21188943.021413047,20000000.000000015,-1188943.021413032,1188943.021413032,5.944715107065155
135000000,96.0,6.1,1074,44.765377,7,"Animation, Family",472432934.45499986,282570681.99999976,-189862252.4550001,189862252.4550001,67.19106565167304
16000000,96.0,7.3,950,18.430419,7,"Comedy, Romance, Drama",20828945.239842754,92823546.0000001,71994600.76015735,71994600.76015735,77.56070939172832
50000000,116.0,6.3,850,23.854701000000002,2,"Comedy, Romance",85724641.39130983,177371441.00000015,91646799.60869032,91646799.60869032,51.66942270525402
10000000,105.0,6.8,81,5.588652,1,Drama,13318910.952408435,6451627.999999999,-6867282.952408436,6867282.952408436,106.44263668656092
6000000,94.0,6.6,111,6.27257,11,"Drama, History",7595738.323643404,2944751.9999999986,-4650986.323643405,4650986.323643405,157.94152864633108
25000000,107.0,7.0,210,8.127728,6,Drama,21420214.567952704,13411956.999999994,-8008257.567952709,8008257.567952709,59.70983628975781
38000000,133.0,6.3,756,30.359164,8,"Horror, Mystery, Thriller",70219565.51494448,58401897.999999985,-11817667.514944494,11817667.514944494,20.235074406219635
2053648,102.0,7.8,17,2.778633,10,Documentary,14563249.600449264,499999.99999999977,-14063249.600449264,14063249.600449264,2812.6499200898543
250000,90.0,6.9,1069,44.656151,9,"Thriller, Science Fiction, Mystery",17565339.784377076,501817.9999999996,-17063521.784377076,17063521.784377076,3400.3407180246804
36000000,107.0,6.7,96,6.967857,9,"Family, Drama",20325997.58648166,52424533.00000007,32098535.413518406,32098535.413518406,61.228080779505206
6000000,95.0,6.0,44,4.1482529999999995,11,"Comedy, Crime, Thriller",13617693.31486185,2025237.9999999986,-11592455.314861853,11592455.314861853,572.3996545029207
7000000,104.0,6.1,56,7.051521000000001,10,"Drama, Crime",10454977.672375439,2062066.0000000002,-8392911.672375439,8392911.672375439,407.0146965410146
15000000,115.0,7.0,951,42.952942,12,Drama,24157348.329668134,52501541.000000015,28344192.67033188,28344192.67033188,53.98735376230551
30000000,102.0,5.1,123,8.058109,1,Comedy,39767710.73407602,93772521.99999999,54004811.26592396,54004811.26592396,57.59129659104611
25000000,133.0,7.6,1709,49.510658,12,Drama,47506501.37435223,412799999.9999996,365293498.62564737,365293498.62564737,88.49164210892629
5000000,86.0,5.0,356,17.028252,7,"Horror, Thriller, Science Fiction",9161167.28953086,25562923.999999966,16401756.710469106,16401756.710469106,64.16228718776118
55000000,163.0,6.8,422,23.127561,12,Drama,52158914.56788048,100230832.00000009,48071917.43211961,48071917.43211961,47.96120761735228
30000000,108.0,5.8,363,21.538222,3,"Action, Thriller, Science Fiction",29224587.437801927,22211425.99999997,-7013161.437801957,7013161.437801957,31.574566341674625
3000000,112.0,5.7,197,11.882563000000001,3,Science Fiction,17965967.213257745,21999.999999999993,-17943967.213257745,17943967.213257745,81563.48733298977
8700000,100.0,6.8,532,26.093042999999998,5,"Animation, Science Fiction, Thriller",18022189.51000897,7659917.999999997,-10362271.510008972,10362271.510008972,135.27914411105937
220000,81.0,6.6,238,14.269792,9,"Action, Crime, Thriller",9081132.36927171,2040919.9999999986,-7040212.369271712,7040212.369271712,344.95288248788376
30000000,84.0,6.3,664,27.940093,9,"Adventure, Comedy, Science Fiction",49044770.06140791,495303.00000000035,-48549467.06140791,48549467.06140791,9801.973148034209
100000000,121.0,5.2,1498,48.205606,5,"Action, Crime, Fantasy",271782806.9637891,336529144.0000005,64746337.03621137,64746337.03621137,19.23944424742342
50000000,100.0,6.0,1019,19.830132,5,"Fantasy, Comedy, Family",60713051.41061398,287928193.99999976,227215142.58938578,227215142.58938578,78.91382203070603
30000000,98.0,5.8,140,11.120167,7,"Comedy, Romance",32392963.292114146,58405312.99999995,26012349.7078858,26012349.7078858,44.53764284746804
250,72.0,7.5,12,0.293649,8,"Drama, Comedy, Animation",9761263.679051796,202.99999999999994,-9761060.679051796,9761060.679051796,4808404.275394975
105000000,97.0,6.7,1247,62.479574,12,"Romance, Family, Animation, Music",258057171.7840124,267045765.00000033,8988593.21598792,8988593.21598792,3.365937376309978
30000000,111.0,6.1,978,30.695228000000004,1,"Comedy, Romance",59119296.7686651,160259319.00000015,101140022.23133504,101140022.23133504,63.110228386366074
130000000,96.0,5.4,1260,39.448066,7,"Fantasy, Action, Comedy, Crime",408768373.9534409,61648499.999999925,-347119873.95344096,347119873.95344096,563.0629682043218
15000000,155.0,7.5,796,19.85579,9,Drama,20232003.992659274,43101593.999999955,22869590.00734068,22869590.00734068,53.059731404227655
1000000,91.0,6.4,161,6.5328550000000005,4,"Drama, Horror",7698288.4052681355,17985892.99999998,10287604.594731845,10287604.594731845,57.1981863493342
165000000,108.0,7.1,4570,62.341073,11,"Family, Animation, Comedy, Adventure",564759550.6170775,471222889.00000054,-93536661.61707693,93536661.61707693,19.8497704166227
100000000,157.0,7.4,1502,42.361215,11,"Drama, Crime",194147343.79045033,266465036.99999958,72317693.20954925,72317693.20954925,27.139655552465353
4000000,120.0,7.3,453,11.414843,10,Documentary,18327072.117814302,35564472.99999999,17237400.88218569,17237400.88218569,48.468034046745736
28000000,72.0,6.8,26,2.439184,9,"Adventure, Fantasy, Animation, Science Fiction, Family",29033974.353069544,669276.0000000001,-28364698.353069544,28364698.353069544,4238.116763946345
11000000,95.0,4.9,74,7.063053,3,"Comedy, Romance",9226565.27158145,23430766.000000015,14204200.728418564,14204200.728418564,60.62200752813013
800000,114.0,5.6,10,0.59424,10,"Drama, Romance",8646744.117049096,1001437.0000000006,-7645307.117049095,7645307.117049095,763.4336575390255
25000000,95.0,3.5,118,7.008216,10,"Action, Adventure, Fantasy, Horror",12639907.284877526,2405419.9999999995,-10234487.284877526,10234487.284877526,425.47610333652864
40000000,130.0,8.0,4391,74.440708,10,"Drama, Mystery, Thriller",150205556.08726013,109676311.00000016,-40529245.08725996,40529245.08725996,36.95350866356173
10000000,100.0,6.1,122,11.350382000000002,6,"Comedy, Drama, Romance",13093712.583167186,25605014.99999997,12511302.416832784,12511302.416832784,48.86270293859542
68000000,98.0,5.3,881,39.395881,7,Comedy,112696489.96850409,68267861.9999999,-44428627.96850419,44428627.96850419,65.07985846766998
22000000,84.0,4.6,304,13.786075,6,"Action, Comedy",12199123.473665887,84772741.99999994,72573618.52633405,72573618.52633405,85.60961556054669
80000000,88.0,6.5,1288,36.125715,11,"Animation, Comedy, Drama, Family, Fantasy",81200374.49063234,250200000.00000024,168999625.50936788,168999625.50936788,67.54581355290476
90000000,96.0,6.5,2166,46.200041999999996,4,"Animation, Adventure, Comedy, Family",153607328.19447437,484635759.9999995,331028431.8055252,331028431.8055252,68.30458235387448
200000000,194.0,7.5,7562,100.025899,11,"Drama, Romance, Thriller",17319632932.567497,1845034188.000003,-15474598744.567493,15474598744.567493,838.716097794469
55000000,94.0,5.7,751,32.835777,6,"Comedy, Family",77834162.68604422,187361754.0000001,109527591.31395587,109527591.31395587,58.45781701742386
8000000,116.0,6.5,42,5.069095,7,"Action, Comedy, Crime",20108696.472340427,12671299.999999996,-7437396.472340431,7437396.472340431,58.6948179929481
500000,85.0,5.7,251,9.108949,7,"Comedy, Drama, Fantasy, Horror, Mystery",10878802.096441355,98016.99999999997,-10780785.096441355,10780785.096441355,10998.89314755742
40000000,130.0,7.1,71,3.8782300000000003,10,Drama,25828453.68384253,9793496.000000006,-16034957.683842523,16034957.683842523,163.73068089109867
12000000,114.0,6.8,107,5.327714,9,"Crime, Drama, Thriller",11777710.216122014,15249999.999999983,3472289.783877969,3472289.783877969,22.769113336904738
32000000,102.0,6.0,262,13.611544,9,"Comedy, Drama, Romance",23970437.049276654,42045845.99999998,18075408.950723324,18075408.950723324,42.9897615824482
65000000,132.0,6.6,907,36.670398999999996,5,"Adventure, Drama, Romance, Action",54918366.00064785,117487472.99999993,62569106.999352075,62569106.999352075,53.25598159673765
300000,88.0,6.9,23,1.085909,7,Documentary,12824877.755779877,1750211.0000000002,-11074666.755779877,11074666.755779877,632.7618073352228
12000000,111.0,6.5,84,5.841285,9,"Drama, Romance",11725482.341193467,1644755.0000000002,-10080727.341193467,10080727.341193467,612.9014559124895
24000000,134.0,5.9,58,2.753313,10,"Adventure, Family, Fantasy, Music",45024788.18255628,21049052.99999997,-23975735.18255631,23975735.18255631,113.90410382147047
60000000,97.0,6.0,226,14.113066,11,"Action, Comedy, Crime, Drama",26075074.942097314,61347797.00000008,35272722.05790277,35272722.05790277,57.496314102204394
8000000,106.0,6.7,21,8.717235,1,"Drama, Romance",12711392.333989002,589303.9999999999,-12122088.333989002,12122088.333989002,2057.017826790418
12000000,131.0,6.3,59,5.158067,12,Science Fiction,25110198.94266474,11212294.000000019,-13897904.94266472,13897904.94266472,123.95237711983559
12000000,104.0,5.8,364,16.931846,3,"Fantasy, Romance, Family, Comedy",28146617.793889713,23006849.000000026,-5139768.793889686,5139768.793889686,22.340168329394785
9500000,117.0,6.5,531,28.675890999999996,6,"Action, Thriller, Adventure",48123550.93364566,111584787.00000003,63461236.06635437,63461236.06635437,56.87265959144982
1500000,110.0,7.1,166,10.009994,1,"Romance, Comedy, Crime, Drama",14045737.698410096,2375097.0000000014,-11670640.698410094,11670640.698410094,491.37532902488135
175000000,94.0,6.0,1423,36.167578000000006,3,"Animation, Family, Adventure, Science Fiction",185552752.90582886,381509870.00000036,195957117.0941715,195957117.0941715,51.36357732872581
76000000,88.0,3.9,87,8.981427,6,"Action, Adventure, Animation, Comedy, Family",28451648.763931293,35134820.00000004,6683171.236068744,6683171.236068744,19.021504126301878
22000000,138.0,5.9,83,9.175761999999999,2,Drama,20632795.52132696,67800064.0000001,47167268.478673145,47167268.478673145,69.56817692483752
32000000,111.0,6.8,1087,41.075532,11,"Adventure, Drama",45065951.77293292,27635304.999999978,-17430646.77293294,17430646.77293294,63.073835345522525
10800000,92.0,5.9,820,32.943847999999996,10,"Horror, Thriller, Crime",19288163.52815576,113857533.00000003,94569369.47184427,94569369.47184427,83.05938744680535
70000000,90.0,4.0,104,4.822033,2,"Fantasy, Drama, Horror, Action, Thriller, Science Fiction",15943178.281558316,53587404.00000006,37644225.71844174,37644225.71844174,70.24827274417268
200000000,130.0,6.8,8806,77.68208,4,"Action, Adventure, Science Fiction",3691269762.369155,1215439994.0000002,-2475829768.369155,2475829768.369155,203.69823114189498
3000000,133.0,8.2,2919,127.525581,11,Drama,54980854.807336204,108981275.00000012,54000420.192663915,54000420.192663915,49.55018207730076
4000000,105.0,6.4,22,1.3793540000000002,5,Drama,10443572.955976699,14399999.999999981,3956427.044023283,3956427.044023283,27.475187805717276
15000000,84.0,6.6,1935,64.504747,2,"Science Fiction, Drama, Thriller",27272071.175889406,145000000.00000003,117727928.82411063,117727928.82411063,81.19167505111076
70000000,143.0,7.0,438,18.927463,12,"Thriller, Drama, Romance",71782605.34807171,154648886.99999994,82866281.65192823,82866281.65192823,53.58349695198793
12000000,122.0,6.8,50,3.604863,9,Drama,13272940.168632621,20138835.99999998,6865895.83136736,6865895.83136736,34.09281366295136
60000000,89.0,5.5,575,22.501041,11,"Family, Comedy",60136489.9766463,129832388.99999994,69695899.02335364,69695899.02335364,53.68144232742545
140000000,91.0,6.1,783,22.57178,8,"Action, Comedy, Crime, Thriller",400790246.28233474,258022233.00000033,-142768013.28233442,142768013.28233442,55.33167108213277
2500000,95.0,6.8,1048,25.722747000000002,8,"Comedy, Drama, Romance",16063576.157275189,6854611.000000003,-9208965.157275185,9208965.157275185,134.34701337939063
75000000,120.0,5.9,855,34.070054,5,"Action, Drama, Romance",64186431.10163286,140464663.99999982,76278232.89836696,76278232.89836696,54.304214829693436
90000000,94.0,6.5,2271,69.457898,6,"Animation, Comedy, Family, Adventure",209634861.52652672,886686817.0000001,677051955.4734734,677051955.4734734,76.35750780238264
70000000,116.0,5.4,228,14.086292000000002,6,"Action, Adventure, Comedy, Thriller",75326809.24179263,65977294.99999989,-9349514.241792746,9349514.241792746,14.170805641232732
85000000,113.0,6.8,577,21.891078,10,"Drama, Fantasy, Romance",77460676.49133368,71485043.00000009,-5975633.491333589,5975633.491333589,8.35927802594115
137000000,106.0,5.9,433,26.074907999999997,7,"Adventure, Action, Animation, Fantasy, Science Fiction, Thriller",121102368.1200642,85131830.00000013,-35970538.120064065,35970538.120064065,42.25274861360787
150000000,138.0,6.7,3443,70.78591,5,"Adventure, Action, Thriller, Science Fiction",443949582.3400158,738599700.9999996,294650118.6599838,294650118.6599838,39.893073103205055
40000000,96.0,4.6,147,13.210898,8,"Fantasy, Horror, Science Fiction",18452346.01068472,49627779.00000004,31175432.989315316,31175432.989315316,62.81851337597697
50000000,96.0,5.8,854,38.616744,12,Comedy,68314735.11646932,242786136.99999976,174471401.88353044,174471401.88353044,71.86217633321074
7000000,192.0,7.4,64,3.721858,11,"Drama, Romance",12252989.383128555,29385320.00000005,17132330.61687149,17132330.61687149,58.302344901710995
5000000,113.0,7.1,1777,45.490373999999996,10,"Horror, Thriller, Science Fiction",34448165.84581295,82719884.99999994,48271719.154186994,48271719.154186994,58.35564103381796
80000000,102.0,5.3,498,27.462640000000004,7,"Comedy, Romance, Family",166883337.2994591,169852758.9999999,2969421.700540811,2969421.700540811,1.7482328329684726
42000000,124.0,7.0,1262,28.969151,5,"Romance, Comedy, Drama",57959786.05690088,363889678.0000004,305929891.94309956,305929891.94309956,84.07215440254923
1000000,89.0,5.5,21,1.444258,11,"Drama, Action, Western, Music, Romance",5117007.38749554,8999999.999999996,3882992.612504456,3882992.612504456,43.14436236116064
36000000,95.0,4.6,14,1.068453,1,"Drama, Comedy",10456975.962443147,3003296.0000000014,-7453679.962443145,7453679.962443145,248.18332799841048
3000000,139.0,7.4,194,10.757539,10,"Comedy, Drama",14317053.098837093,2807389.9999999986,-11509663.098837094,11509663.098837094,409.9773490265727
7500000,99.0,7.0,350,19.585801,12,"Comedy, Drama",12822034.330561146,145793295.9999998,132971261.66943865,132971261.66943865,91.20533338476609
1500000,92.0,6.6,363,17.49699,2,Action,11790504.474010348,11806119.000000004,15614.525989655405,15614.525989655405,0.13225790786672065
35000000,90.0,5.7,414,18.843320000000002,4,Comedy,35564632.71992084,21819347.999999978,-13745284.719920859,13745284.719920859,62.9958545045474
20000000,107.0,4.5,139,10.617236,3,"Action, Comedy, Horror, Mystery, Science Fiction, Thriller",12779229.417836133,4634061.999999998,-8145167.417836135,8145167.417836135,175.76733798201533
38000000,129.0,6.3,86,10.047578999999999,2,"Action, Drama",23700972.455083985,10300000.00000001,-13400972.455083976,13400972.455083976,130.10652869013558
1500000,111.0,6.5,43,3.618646,3,Drama,10062304.586678682,712294.0000000005,-9350010.586678682,9350010.586678682,1312.6617080417182
68000000,136.0,6.5,1078,27.299301,12,"Drama, Mystery, Romance, Science Fiction, Thriller",88050865.10388905,203388341.0000003,115337475.89611125,115337475.89611125,56.708007611956035
50000000,146.0,7.2,396,20.825781,9,Drama,39388435.146672376,73956241.00000003,34567805.853327654,34567805.853327654,46.74089081045593
18000000,109.0,5.6,180,13.472365,9,"Drama, Romance",14432965.536928164,36133013.99999994,21700048.46307178,21700048.46307178,60.05601542974471
56000000,86.0,6.0,381,23.438398,4,"Adventure, Drama, Action, Thriller",25538118.266209915,57223889.99999996,31685771.733790047,31685771.733790047,55.37157948155931
135000000,107.0,6.6,2051,29.913529999999998,3,"Animation, Comedy, Family, Western, Adventure",259705303.31187224,245724603.0000001,-13980700.311872154,13980700.311872154,5.689580994814812
15500000,93.0,5.5,16,6.630856,9,"Mystery, Crime, Drama, Thriller",9145331.261939613,1237615.000000001,-7907716.261939612,7907716.261939612,638.947997716544
12500000,108.0,6.0,94,6.546037,9,"Crime, Comedy, Drama",14091650.312002668,1083682.9999999998,-13007967.312002668,13007967.312002668,1200.348008781412
17900000,89.0,5.0,206,12.752463,4,"Adventure, Fantasy, Action",14172539.712588558,6948632.999999995,-7223906.712588563,7223906.712588563,103.96155204323739
70000000,118.0,6.4,1665,34.576913,2,"Comedy, Drama, Romance",117647096.36732164,368100420.0000003,250453323.63267866,250453323.63267866,68.03940175691146
850000,85.0,5.8,110,14.238376,8,Comedy,16940931.592880253,1243961.0000000002,-15696970.592880253,15696970.592880253,1261.8539160697362
25000000,80.0,7.0,738,20.011435000000002,9,"Comedy, Drama",18093518.57958232,27603069.00000002,9509550.4204177,9509550.4204177,34.45106201929102
40000000,99.0,5.4,205,13.445697000000001,4,Horror,30637065.176544722,62771059.00000002,32133993.8234553,32133993.8234553,51.19237166837553
75000000,100.0,5.7,772,23.004607,6,"Action, Comedy, Thriller, Romance",92722561.18711793,98159963.0,5437401.812882066,5437401.812882066,5.5393274882164185
250000,113.0,6.7,433,20.601482999999998,4,"Comedy, Drama, Romance",14352379.259463742,12021272.00000001,-2331107.259463733,2331107.259463733,19.39151912928791
40000000,94.0,4.9,740,39.381913,12,"Fantasy, Action, Science Fiction, Thriller, Horror",18885436.491026912,41797066.00000004,22911629.508973125,22911629.508973125,54.81635842327571
170000000,127.0,5.8,3118,77.178973,5,"Adventure, Fantasy, Drama",386032549.7975124,396600000.0,10567450.202487588,10567450.202487588,2.6645108932142176
15000000,93.0,7.2,1488,63.071045999999996,10,"Action, Adventure, Thriller, War",33832849.82165625,125212904.00000003,91380054.17834377,91380054.17834377,72.97974191090061
3500000,112.0,6.9,890,26.881611,12,"Drama, Romance",16732970.776012855,16566239.999999985,-166730.77601286955,166730.77601286955,1.0064491158698032
6500000,116.0,6.5,305,16.574756,5,"Drama, Thriller",13146812.115019597,2401509.9999999986,-10745302.115019599,10745302.115019599,447.439407498599
3000000,110.0,6.7,1573,41.045084,3,"Horror, Thriller, Mystery",32665009.168709863,77712438.9999999,45047429.83129004,45047429.83129004,57.96682025549359
4000000,95.0,5.8,631,27.662696,3,"Thriller, Science Fiction",16876450.524023335,600896.0000000005,-16275554.524023335,16275554.524023335,2708.5476561706723
12000000,98.0,7.4,579,29.019503999999998,11,Drama,11757805.654109262,100129872.00000007,88372066.34589082,88372066.34589082,88.25744463739129
132000000,92.0,6.5,1346,84.366984,11,"Family, Animation, Adventure, Comedy",180613481.7972559,373552094.0000002,192938612.20274428,192938612.20274428,51.649720427679945
25000000,121.0,6.9,483,20.561682,12,"Comedy, Drama",31493772.41763065,74188936.99999997,42695164.58236932,42695164.58236932,57.549233496052565
60000000,88.0,6.4,374,23.700758999999998,3,"Animation, Adventure, Family, Comedy",61178159.87438604,118338361.00000004,57160201.125614,57160201.125614,48.30234308012258
13400000,100.0,4.7,7,0.6807529999999999,12,"Action, Comedy, Thriller",7833556.043761936,16700000.000000022,8866443.956238087,8866443.956238087,53.09247877986871
6000000,89.0,4.4,91,12.601677,8,"Comedy, Family",9918762.928106155,18197397.99999997,8278635.071893815,8278635.071893815,45.493509961665005
37000000,114.0,5.8,556,11.492474000000001,1,"Drama, Thriller, Horror",29373122.39186062,96047632.99999988,66674510.60813926,66674510.60813926,69.41817151094118
45000000,103.0,4.0,11,3.848893,1,"Action, Thriller",18783429.35107723,2154540.0000000014,-16628889.351077227,16628889.351077227,771.8069449199002
30000000,100.0,6.2,179,5.671691,9,"Comedy, Crime, Thriller",24598768.51496463,9898412.000000015,-14700356.514964614,14700356.514964614,148.51227161452354
90000000,107.0,5.9,290,15.350451000000001,3,"Crime, Thriller, Drama",85088748.33284213,140807547.00000015,55718798.66715802,55718798.66715802,39.570889383619445
60000000,112.0,7.2,2126,38.885195,7,"Action, Adventure, Comedy",106101121.55817191,47664558.99999999,-58436562.55817192,58436562.55817192,122.5996081452719
38000000,93.0,4.3,75,6.760922,12,"Adventure, Action, Comedy, Romance",19314574.34603516,5410748.999999995,-13903825.346035164,13903825.346035164,256.9667405757535
75000000,90.0,5.8,1557,47.094369,9,"Animation, Action, Comedy, Family",105063759.27771148,367275019.00000036,262211259.72228888,262211259.72228888,71.39370938873701
40600000,116.0,7.1,738,34.022209000000004,6,Comedy,79088036.59611383,90399999.99999999,11311963.403886154,11311963.403886154,12.513233853856367
24000000,135.0,7.3,385,17.606087,5,"Drama, Romance",23943111.061369687,182016617.0000002,158073505.93863052,158073505.93863052,86.84564549325205
30000000,100.0,5.8,1463,63.848541000000004,10,"Drama, Horror",27532855.71688395,82394287.99999987,54861432.283115916,54861432.283115916,66.58402374096127
3000000,83.0,4.9,148,12.564554,2,"Thriller, Horror",7364424.122247168,3386999.9999999977,-3977424.12224717,3977424.12224717,117.43206738255604
18000000,94.0,6.0,303,18.492655,11,"Romance, Music, Family",17770372.88435445,62646762.99999998,44876390.11564553,44876390.11564553,71.63401262351822
2900000,136.0,7.3,25,3.370225,12,"Comedy, Drama",15478656.569029761,4999999.999999999,-10478656.569029763,10478656.569029763,209.5731313805953
50000000,112.0,6.2,316,14.808304000000001,3,"Comedy, Adventure, Crime, Family",72260088.79468305,80383290.00000009,8123201.205317035,8123201.205317035,10.10558438864225
1000000,119.0,7.5,1791,72.19808,11,Drama,23350213.610777397,117235147.00000003,93884933.38922264,93884933.38922264,80.0825825630795
35000000,92.0,4.6,149,13.668632999999998,4,Comedy,16819894.53659844,39340176.999999985,22520282.463401545,22520282.463401545,57.24499527137754
50000000,114.0,5.9,81,3.314004,11,"Action, Drama, Thriller",21644194.95540028,10541522.999999989,-11102671.955400292,11102671.955400292,105.32322469343666
150000000,111.0,5.9,954,48.03528,9,"Adventure, Family, Fantasy",172784195.93283096,128388319.99999993,-44395875.932831034,44395875.932831034,34.57937289998892
9000000,130.0,4.8,14,0.717811,5,Drama,7123044.886716829,771499.0000000003,-6351545.886716829,6351545.886716829,823.273379060352
15000000,97.0,6.7,475,21.928025,4,"Action, Thriller, Science Fiction, Horror",15879278.003101017,2856711.9999999986,-13022566.00310102,13022566.00310102,455.8585535784155
28000000,94.0,5.5,345,14.639323999999998,1,"Action, Comedy, Family",24719356.777599752,45236543.00000004,20517186.222400285,20517186.222400285,45.3553363315147
70000000,128.0,6.5,895,37.507135999999996,10,"Action, Drama, Thriller",61528721.66539709,113280098.00000003,51751376.33460294,51751376.33460294,45.68443817430571
60000000,92.0,5.6,506,18.106021,5,"Comedy, Family",64008787.61592408,164433866.99999982,100425079.38407573,100425079.38407573,61.0732334015327
70000000,112.0,6.1,588,26.199089999999998,5,"Action, Adventure, Thriller",65945614.57937156,255000211.00000015,189054596.4206286,189054596.4206286,74.13899607346933
28000000,81.0,6.1,493,22.14595,10,"Family, Comedy",28461081.418612715,100654149.00000007,72193067.58138736,72193067.58138736,71.72388649511835
70000000,92.0,6.2,2389,64.45794699999999,10,"Horror, Action, Drama, Fantasy, War",72619601.07659408,215529200.99999982,142909599.92340574,142909599.92340574,66.30637484867114
1000000,92.0,7.2,59,5.3231839999999995,8,Documentary,13866997.284454562,1678874.0000000007,-12188123.284454562,12188123.284454562,725.9701016547136
80000000,106.0,5.4,267,13.800656,11,"Thriller, Action, Science Fiction",75056314.12646584,33463969.000000015,-41592345.12646583,41592345.12646583,124.28993442608618
10000000,100.0,6.2,238,14.905357,9,"Comedy, Romance",16818932.58613611,33000000.000000015,16181067.413863905,16181067.413863905,49.03353761776938
60000000,94.0,5.7,526,18.831023000000002,12,Comedy,69097686.1527866,129181829.99999993,60084143.84721333,60084143.84721333,46.51129640075029
110000000,119.0,6.2,3829,103.71838699999999,3,"Adventure, Science Fiction, Thriller",481488472.096817,295238200.99999976,-186250271.09681726,186250271.09681726,63.08474664388617
10000000,126.0,6.9,336,17.078656,9,"Adventure, Drama, War",30481047.359431345,7177143.000000004,-23303904.35943134,23303904.35943134,324.69611319478145
35000000,102.0,5.8,325,14.699342000000001,3,"Comedy, Romance",46075191.35027638,36098382.00000001,-9976809.350276373,9976809.350276373,27.637829723992535
50000000,95.0,7.3,755,34.890999,10,"Romance, Animation, Adventure, Comedy, Family, Fantasy",44318360.94559456,97437106.00000006,53118745.0544055,53118745.0544055,54.5159305679763
20000000,104.0,7.0,435,20.975165,11,"Drama, Mystery",17063503.507505417,50907234.00000004,33843730.49249462,33843730.49249462,66.48118122562816
70000000,101.0,5.4,676,27.568194000000002,8,"Action, Adventure, Science Fiction, Thriller",79287965.54211715,72108608.0,-7179357.542117149,7179357.542117149,9.95631137702332
2000000,120.0,6.3,197,12.999023,9,"Crime, Drama, Thriller, Action",8044702.354054425,5967038.000000001,-2077664.354054424,2077664.354054424,34.819023342141
3000000,186.0,7.6,155,13.338539,12,"Drama, History",14478768.149846977,9999999.999999996,-4478768.14984698,4478768.14984698,44.78768149846982
70000000,116.0,5.5,453,21.723897,6,Comedy,127254033.74549837,58058366.99999998,-69195666.74549839,69195666.74549839,119.18293662220712
10000000,153.0,7.0,103,8.305997999999999,9,"Drama, Family, Music",13244439.592551215,37402876.99999996,24158437.407448746,24158437.407448746,64.58978384857606
20000000,109.0,6.7,1778,55.964605000000006,7,"Comedy, Action, Science Fiction",60557874.94106407,46089287.00000004,-14468587.94106403,14468587.94106403,31.39251848496597
3900000,120.0,7.5,89,9.541688,12,"Drama, History",12229284.858277889,28350000.00000005,16120715.14172216,16120715.14172216,56.863192739760606
3000000,133.0,7.3,82,5.3448150000000005,8,Western,23084719.32533304,9012000.00000001,-14072719.32533303,14072719.32533303,156.15534093800505
4500000,102.0,7.9,2443,11.573034,10,"Crime, Drama",22198474.28483295,7390108.0000000065,-14808366.284832943,14808366.284832943,200.3809184498106
140000000,127.0,6.3,767,24.855701,7,"Action, Adventure, Comedy, Crime, Thriller",187010774.88659495,285444603.0000003,98433828.11340535,98433828.11340535,34.48438929265909
9000000,97.0,6.5,95,2.062087,9,"Comedy, Drama",9320152.108591855,4777464.999999997,-4542687.108591857,4542687.108591857,95.08572241956477
45000000,112.0,6.4,119,6.156015,1,"Adventure, Comedy, Drama",42382227.80646507,38399961.000000015,-3982266.806465052,3982266.806465052,10.370497007705426
150000,97.0,4.6,18,0.132878,4,"Action, Drama, Romance",2938075.618760027,15199999.99999998,12261924.381239953,12261924.381239953,80.67055513973663
15000000,100.0,6.0,1401,47.455148,1,Horror,32897358.369953096,146497770.99999982,113600412.63004673,113600412.63004673,77.54412360994003
66000000,116.0,6.1,695,29.501489000000003,9,"Action, Adventure, Thriller",60463330.47748452,57777105.999999925,-2686224.4774845913,2686224.4774845913,4.649288729491911
30000000,97.0,5.8,594,26.69592,8,Horror,34560072.401066914,114908829.99999991,80348757.598933,80348757.598933,69.92391933581872
20000000,108.0,5.3,131,9.455596,12,"Comedy, Science Fiction",32082169.915142488,13854000.000000007,-18228169.91514248,18228169.91514248,131.57333560807328
14000000,89.0,7.4,418,24.210698,8,"Romance, Drama",14720528.04216567,1755211.9999999988,-12965316.042165672,12965316.042165672,738.6752165644766
30000000,100.0,5.3,724,26.9385,3,Comedy,36670446.491903886,27437881.00000001,-9232565.491903875,9232565.491903875,33.64897417516998
55000000,100.0,5.2,62,4.700024,1,"Action, Thriller, Crime",33277961.888349116,11466088.000000002,-21811873.888349116,21811873.888349116,190.22943037197263
20000000,97.0,4.9,199,9.855474000000001,8,"Adventure, Action, Horror, Science Fiction, Thriller",16407707.98038748,70992898.00000006,54585190.01961258,54585190.01961258,76.88824031329519
24000000,89.0,5.8,53,4.12064,11,Comedy,20473592.74365978,14782676.000000015,-5690916.7436597645,5690916.7436597645,38.49720269631668
175000000,96.0,5.3,1151,27.082182,6,"Fantasy, Comedy, Family",1274014845.6634188,173000000.00000015,-1101014845.6634185,1101014845.6634185,636.4247662794321
195000000,114.0,5.5,2598,43.349855,2,"Action, Family, Fantasy",2932582969.309731,197687603.00000033,-2734895366.3097305,2734895366.3097305,1383.4430307244536
2000000,95.0,5.4,190,15.351412,9,"Horror, Action, Science Fiction",9365518.83021128,5364858.000000004,-4000660.830211276,4000660.830211276,74.57160711823637
12000000,132.0,7.6,55,4.793348,4,"Drama, History, War",15333053.23883231,10652497.999999985,-4680555.238832325,4680555.238832325,43.938569515172226
14000000,95.0,5.8,48,5.102258,3,"Action, Adventure, Comedy",27960472.17727391,25482930.999999978,-2477541.177273933,2477541.177273933,9.72235563198729
14000000,86.0,5.4,60,9.371811,2,"Comedy, Romance",20089612.465654798,6413914.999999996,-13675697.465654802,13675697.465654802,213.21918774500145
40000000,134.0,6.8,255,14.199932999999998,6,"Music, Drama",36486705.397034876,67347013.0000001,30860307.60296523,30860307.60296523,45.822830483907545
55000000,92.0,5.2,481,22.503935000000002,1,"Action, Crime, Thriller",41946639.6632378,9489828.999999996,-32456810.663237806,32456810.663237806,342.01681256045623
14000000,107.0,6.5,135,13.13724,1,"Action, Adventure, Drama, Family",23626220.605399083,34793159.99999997,11166939.394600887,11166939.394600887,32.095214676105584
15000000,110.0,5.3,215,10.484642,8,"Thriller, Action, Crime, Drama",13828606.206216553,30102716.999999955,16274110.793783402,16274110.793783402,54.061933325764
20000000,115.0,5.8,129,11.203335000000001,10,"Comedy, Drama, Romance, Thriller",17309731.127989653,41237648.00000001,23927916.872010354,23927916.872010354,58.02444618570475
20000000,101.0,5.3,83,5.596835,1,"Comedy, Romance",30929074.5985996,17432163.00000003,-13496911.598599572,13496911.598599572,77.42534072564345
20000000,105.0,6.0,32,5.422285,3,Drama,15357811.063910967,21170563.00000002,5812751.936089052,5812751.936089052,27.456765963612053
26500000,134.0,8.2,1983,60.732738,7,"Adventure, Fantasy, Animation",109353160.76846091,159375308.00000012,50022147.231539205,50022147.231539205,31.386384666023147
12806000,125.0,7.2,219,17.363739000000002,9,Drama,15818394.36621451,38535221.00000002,22716826.633785512,22716826.633785512,58.95081446084219
60000000,97.0,5.8,1363,2.143764,9,"Action, Adventure, Horror, Science Fiction",44991823.38134435,300228084.00000036,255236260.618656,255236260.618656,85.01411900515467
20000000,116.0,6.7,641,19.705311,10,"Drama, Horror, Mystery",18087201.119282402,24145612.99999997,6058411.880717568,6058411.880717568,25.091149604350804
30000000,103.0,5.9,182,9.965073,4,"Comedy, Drama, Romance",24407233.534399994,50451306.999999985,26044073.46559999,26044073.46559999,51.62219774722585
8900000,93.0,5.6,318,15.079993,11,"Crime, Action, Thriller",11374580.84403718,4099999.999999998,-7274580.844037183,7274580.844037183,177.4288010740777
30000000,134.0,7.2,129,4.952735,10,"Comedy, Drama",24934974.570152596,8454300.999999994,-16480673.570152601,16480673.570152601,194.938334584404
3800000,115.0,7.9,927,21.826888,8,Drama,18503280.251620978,16799999.999999978,-1703280.2516210005,1703280.2516210005,10.138572926315492
4000000,101.0,6.6,102,7.7581880000000005,1,Fantasy,18618405.62429223,866998.9999999994,-17751406.62429223,17751406.62429223,2047.454105978466
12000000,100.0,6.1,294,16.40512,9,"Drama, Thriller",9745262.719752105,35485056.000000045,25739793.28024794,25739793.28024794,72.53699495429261
20000000,105.0,6.4,365,19.494703,9,"Thriller, Crime, Drama",16552653.61833289,1969192.9999999988,-14583460.618332893,14583460.618332893,740.5805636284965
70000000,118.0,5.8,1523,43.873266,1,"War, Drama, History, Action",79958307.75709325,154984034.99999973,75025727.24290648,75025727.24290648,48.40868108957585
13000000,91.0,6.1,109,6.425528,4,"Action, Adventure, Comedy, Thriller",28498975.97532132,27007143.0,-1491832.975321319,1491832.975321319,5.523845951870285
44000000,130.0,7.2,1220,54.884297,8,"Adventure, Action, Thriller, Crime, Mystery",75641226.61082788,368875760.0000003,293234533.38917243,293234533.38917243,79.49411839617008
21150000,92.0,4.7,146,6.081772,4,"Adventure, Comedy",20342125.058666706,39438674.00000005,19096548.941333346,19096548.941333346,48.42086968069292
15000000,154.0,7.7,338,17.571533,12,Drama,20577531.609067257,146292009.00000003,125714477.39093277,125714477.39093277,85.93393326831183
6500000,142.0,6.5,456,25.289665,12,"Adventure, Action, Thriller",48084063.36074752,81974492.99999993,33890429.6392524,33890429.6392524,41.34265232875845
27000000,101.0,6.6,607,28.227984000000003,4,"Drama, Comedy, Romance",28884859.540598266,128999999.99999978,100115140.45940152,100115140.45940152,77.60863601504006
4000000,94.0,7.1,550,29.852608,11,"Action, Horror, Science Fiction, Thriller",12231453.978815408,13008928.000000015,777474.0211846065,777474.0211846065,5.976464941497144
6000000,99.0,6.2,94,7.161051,7,Drama,9821083.075864315,2899975.0,-6921108.075864315,6921108.075864315,238.66095658977457
48000000,127.0,7.6,3152,80.972475,5,"Adventure, Action",143257501.06350353,474171805.99999976,330914304.93649626,330914304.93649626,69.78784920343755
20000000,108.0,7.9,3652,56.481487,3,"Science Fiction, Drama, Romance",65998295.239112206,72258126.00000001,6259830.760887809,6259830.760887809,8.663151270886553
10000000,130.0,6.8,823,14.543435,11,"Fantasy, Comedy, Adventure",64989498.86695904,30652889.999999996,-34336608.86695905,34336608.86695905,112.01752548278174
7000000,108.0,5.9,29,2.26778,8,Comedy,24196514.257232144,453079.0,-23743435.257232144,23743435.257232144,5240.462536827385
155000000,113.0,6.2,1514,49.661984000000004,8,"Adventure, Family, Fantasy",279767818.9710139,415686216.99999994,135918398.02898604,135918398.02898604,32.69735499288543
40000000,88.0,6.0,852,28.029015,4,"Adventure, Action, Comedy",49908895.20577778,160583018.00000003,110674122.79422225,110674122.79422225,68.92019104674084
300000,112.0,8.0,26,1.314576,1,"Music, Documentary",16585931.933385594,7808523.9999999935,-8777407.9333856,8777407.9333856,112.40802914079033
100000000,146.0,5.4,426,18.325897,5,"Comedy, Drama, Romance",154618606.04217178,288347691.9999997,133729085.95782793,133729085.95782793,46.377720255110646
950000,110.0,6.9,940,48.901542,10,"Adventure, Action, Thriller",44397497.118985094,59599999.99999998,15202502.881014884,15202502.881014884,25.507555169488068
70000000,127.0,6.9,395,18.888806,5,"Adventure, Drama, History",55156247.60405189,39041504.99999994,-16114742.604051948,16114742.604051948,41.275925720722014
40000000,93.0,5.0,28,2.911819,11,"Action, Adventure, Drama, Thriller",8569776.857168948,10959475.000000017,2389698.1428310685,2389698.1428310685,21.80485965642574
800000,91.0,6.1,311,11.205726,1,"Horror, Comedy",16328061.646847017,1984662.0000000005,-14343399.646847017,14343399.646847017,722.7124642305347
18000000,120.0,6.5,158,10.1449,9,History,22096154.009018555,26527509.99999996,4431355.990981404,4431355.990981404,16.704756650667214
4361898,92.0,5.6,28,2.080741,6,"Comedy, Romance",16699578.48166578,3031800.999999999,-13667777.481665783,13667777.481665783,450.8138061061985
28000000,135.0,7.7,1358,36.58383,9,"Drama, Romance",35540877.47296813,121147947.00000015,85607069.52703202,85607069.52703202,70.66324411344083
12000000,121.0,6.9,439,18.422007999999998,9,"Drama, Crime",16300010.092586365,22921897.999999993,6621887.907413628,6621887.907413628,28.888916211971758
7000000,97.0,6.9,140,8.591387,3,"Adventure, Science Fiction",29602185.252006765,8899999.999999996,-20702185.25200677,20702185.25200677,232.60882305625594
45000000,129.0,7.3,1630,45.220386,3,"Crime, Drama, Thriller",66418465.76629278,184376253.99999985,117957788.23370707,117957788.23370707,63.97667035458219
50000000,113.0,6.0,220,11.596207000000001,9,Thriller,46675475.63366349,100020091.99999987,53344616.366336375,53344616.366336375,53.33390051904416
7500000,110.0,6.1,7,0.571663,11,"Drama, Romance",10043054.68072032,3347647.0,-6695407.68072032,6695407.68072032,200.00339583953505
70000000,88.0,5.9,43,6.6820059999999994,6,"Animation, Music, Family",63895570.43165712,18662026.999999993,-45233543.43165713,45233543.43165713,242.3827992085594
8000000,111.0,6.1,321,21.735068,3,"Comedy, Fantasy, Romance",26060077.259797756,69821334.00000012,43761256.74020237,43761256.74020237,62.67605362596237
22000000,105.0,5.2,192,12.445176,10,Drama,15762600.689502504,9479717.999999998,-6282882.689502506,6282882.689502506,66.27710538965934
66000000,112.0,6.0,602,25.877794,4,"Romance, Drama, Mystery",58024151.083135806,212404396.0,154380244.9168642,154380244.9168642,72.68222683906419
185000000,122.0,6.6,2568,65.352913,7,"Action, Adventure, Science Fiction",494139952.1767834,343471816.0000004,-150668136.17678297,150668136.17678297,43.8662298209594
180000,89.0,7.8,112,7.072118,8,"Drama, Comedy, Family",10503804.31369704,899999.9999999995,-9603804.31369704,9603804.31369704,1067.0893681885605
1000000,104.0,7.3,221,14.017809,9,"Drama, Romance",10282536.953842672,4235150.999999997,-6047385.953842674,6047385.953842674,142.79032681107896
5000000,98.0,5.5,121,10.274542,3,Comedy,15734687.65109787,10429707.000000011,-5304980.651097858,5304980.651097858,50.86413885929732
62000000,106.0,6.5,195,11.056763,11,"Comedy, Drama, Romance",45446338.81685956,107879495.99999999,62433157.18314043,62433157.18314043,57.87305233901022
80000000,177.0,6.1,299,14.564667000000002,12,"Drama, Adventure",60211433.46516888,17626234.00000002,-42585199.46516886,42585199.46516886,241.6012374802741
2700000,118.0,7.0,59,11.35972,10,"Adventure, Family",34685630.289835036,37799643.0,3114012.710164964,3114012.710164964,8.238206668155476
32000000,106.0,6.3,123,5.683281,9,"Comedy, Romance",34471077.21181316,40222729.00000007,5751651.788186908,5751651.788186908,14.299506600327636
72000000,177.0,7.7,3336,60.722162,5,"Action, Drama, History, War",181831931.67329872,210000000.00000003,28168068.326701313,28168068.326701313,13.413365869857765
65000000,149.0,6.7,1429,36.307296,11,"History, Drama",81192162.50295188,275293450.0000002,194101287.49704832,194101287.49704832,70.50704893162121
70000000,169.0,7.9,5048,76.04186700000001,7,"Drama, History, War",474216540.49936485,481840908.9999994,7624368.500634551,7624368.500634551,1.5823414654554706
6600000,112.0,6.0,56,4.4924550000000005,5,Comedy,21101093.84283281,37710610.00000005,16609516.157167241,16609516.157167241,44.04467643765831
18339750,156.0,7.7,1037,32.445895,9,"Drama, History, War",25244327.931746896,92180910.00000009,66936582.06825319,66936582.06825319,72.61436458834386
35000000,114.0,5.7,57,6.248273,2,"Comedy, Drama",27476052.382102493,43650785.00000004,16174732.617897544,16174732.617897544,37.05484934096267
58000000,119.0,6.1,1658,1.551497,6,Comedy,127270083.9719528,43999999.99999999,-83270083.9719528,83270083.9719528,189.2501908453473
170000000,126.0,7.0,2141,32.319043,11,"Adventure, Drama, Family",198132335.63360018,185770159.9999999,-12362175.633600265,12362175.633600265,6.654554011042608
3000000,108.0,7.6,165,16.553594,2,"Drama, Romance",12762826.292829856,17570323.999999978,4807497.707170121,4807497.707170121,27.36146303944155
4500000,90.0,7.0,322,20.403344,8,Comedy,20353334.143598553,27092879.999999978,6739545.856401425,6739545.856401425,24.875708512352432
92620000,153.0,8.0,657,32.351527000000004,1,"Drama, Science Fiction",141737576.86177495,650422.0000000001,-141087154.86177495,141087154.86177495,21691.633256835554
75000000,115.0,6.5,1270,45.154631,6,"Action, Thriller, Crime",141862899.5698917,224012234.0000002,82149334.43010852,82149334.43010852,36.67180714340291
11500000,134.0,7.5,202,15.355589000000002,11,"Drama, Romance",15108600.723475697,23237910.999999963,8129310.276524266,8129310.276524266,34.98296502006691
25000000,88.0,5.8,286,15.505137,3,"Science Fiction, Adventure, Action, Comedy, Family",34724325.263241775,78000000.00000003,43275674.736758254,43275674.736758254,55.481634277895175
125000000,125.0,4.2,1418,50.073575,6,"Action, Crime, Fantasy",288662173.79162717,238207122.00000006,-50455051.79162711,50455051.79162711,21.181168458778114
50000000,100.0,4.7,797,37.253774,2,Comedy,35247637.65398722,55969000.00000009,20721362.346012868,20721362.346012868,37.02292759565623
70000000,139.0,7.1,808,24.961625,8,"Adventure, Action, Thriller, Science Fiction",68512317.61756772,90000097.99999993,21487780.382432207,21487780.382432207,23.875285538502666
94000000,145.0,7.1,187,12.516546,12,"Drama, History, War",112855136.41425239,95311433.99999991,-17543702.414252475,17543702.414252475,18.40671331652873
69000000,94.0,5.5,1269,38.634767,6,"Action, Fantasy, Horror",87643723.77235149,112265139.00000003,24621415.22764854,24621415.22764854,21.93148776812055
97250400,116.0,5.0,471,20.344364000000002,1,"Fantasy, Adventure, Comedy, Family",63370008.39150243,132900000.00000012,69529991.60849768,69529991.60849768,52.31752566478376
70000000,113.0,5.3,588,26.676486999999998,9,"Comedy, Romance",105532833.05527417,171844840.00000018,66312006.944726005,66312006.944726005,38.58830264832272
10284523,104.0,5.7,75,4.820166,10,"Comedy, Drama, Romance",13198948.594367148,11588205.000000017,-1610743.5943671316,1610743.5943671316,13.899854156593962
4,89.0,6.2,28,1.199451,12,"Drama, Romance, War",7485104.863265912,25.000000000000004,-7485079.863265912,7485079.863265912,29940319.453063644
51000000,90.0,5.3,225,10.430832,8,"Animation, Comedy, Family",53177858.80138751,72779000.00000003,19601141.19861252,19601141.19861252,26.932413469012367
155000000,175.0,5.6,927,39.019228999999996,11,"War, History, Action, Adventure, Drama, Romance",99495140.84835686,167298191.9999999,67803051.15164305,67803051.15164305,40.52826294240113
35000000,141.0,6.5,224,15.509570000000002,12,"Drama, History",29941106.30612889,27329999.999999974,-2611106.3061289154,2611106.3061289154,9.553993070358281
12000000,123.0,7.3,383,18.422327,8,"Drama, Romance",21291301.77752025,56298474.00000009,35007172.222479835,35007172.222479835,62.18138740755172
2000000,118.0,6.8,47,5.381536,11,"Drama, Romance",9229922.493231326,7800000.000000004,-1429922.4932313226,1429922.4932313226,18.332339656811822
8,98.0,6.4,138,11.818333,9,"Fantasy, Horror, Thriller",10839194.390718011,16.0,-10839178.390718011,10839178.390718011,67744864.94198757
55000000,134.0,5.9,120,7.027139,12,"History, Drama, Music",43350688.192357756,141047179.00000024,97696490.80764249,97696490.80764249,69.26511504894567
86000000,94.0,6.0,639,27.097932,12,"Adventure, Fantasy, Animation, Family",74794391.10605961,107944236.00000007,33149844.893940464,33149844.893940464,30.710157505714747
42000000,113.0,7.0,2025,47.559928,9,"Thriller, Drama",53699147.38038678,180274123.00000012,126574975.61961335,126574975.61961335,70.21250388754534
3730500,112.0,5.7,109,6.938853999999999,9,"Action, Drama, Crime",7865381.570962898,6294160.999999999,-1571220.5709628994,1571220.5709628994,24.963145540174448
8000000,92.0,6.6,148,5.93923,5,"Drama, Horror",8945158.963752141,8279017.0,-666141.9637521412,666141.9637521412,8.046148036078936
3000000,117.0,6.9,156,7.961558999999999,12,"Drama, Romance",11805744.094453832,20966644.000000007,9160899.905546175,9160899.905546175,43.692733589343966
2600000,91.0,6.1,20,8.001156,9,"Action, Adventure, Comedy",23167849.48442056,2850262.9999999977,-20317586.484420564,20317586.484420564,712.8319907468392
62000000,87.0,4.3,242,13.218008,6,"Comedy, Romance",36815398.98418762,41819063.99999993,5003665.015812315,5003665.015812315,11.965033497192387
65000000,87.0,2.3,28,5.258726,6,"Animation, Action, Comedy, Family",28057796.686408322,73705.99999999994,-27984090.686408322,27984090.686408322,37967.18135078331
29000000,129.0,7.2,1597,25.767395,11,Drama,36928989.40548029,309208309.0000003,272279319.59452003,272279319.59452003,88.05692203909041
40000000,96.0,6.2,554,17.659032,2,"Comedy, Music, Romance",44160368.39760039,145896421.99999994,101736053.60239956,101736053.60239956,69.73169883658943
16500000,94.0,6.5,1013,36.15716,5,"Science Fiction, Comedy, Crime",31214403.907696575,67683988.99999996,36469585.09230338,36469585.09230338,53.88214499636451
80000000,128.0,6.2,392,18.69984,4,"Crime, Thriller",130060363.62563974,162944922.9999998,32884559.374360055,32884559.374360055,20.18139551016272
150000000,91.0,6.7,1880,51.247321,5,"Animation, Family",763646493.3578035,665692281.0000011,-97954212.35780239,97954212.35780239,14.714638452868321
2000000,108.0,6.3,519,26.281839,6,"Thriller, Crime, Horror",24450017.21671453,572808.9999999995,-23877208.21671453,23877208.21671453,4168.441525310278
12000000,154.0,7.3,1514,40.631671000000004,12,"Comedy, Crime, Romance",58796765.433842905,39673161.99999994,-19123603.433842964,19123603.433842964,48.202871840270745
